year,company,rank,revenues,profits,assets
2015,Walmart,1,485651,16363,203706
2015,Exxon Mobil,2,382597,32520,349493
2015,Chevron,3,203784,19241,266026
2015,Berkshire Hathaway,4,194673,19872,526186
2015,Apple,5,182795,39510,231839
2015,General Motors,6,155929,3949,177677
2015,Phillips 66,7,149434,4762,48741
2015,General Electric,8,148321,15233,648349
2015,Ford Motor,9,144077,3187,208527
2015,CVS Health,10,139367,4644,74252
2015,McKesson,11,138030,1263,51759
2015,AT&T,12,132447,6224,292829
2015,Valero Energy,13,130844,3630,45550
2015,UnitedHealth Group,14,130474,5619,86382
2015,Verizon,15,127079,9625,232708
2015,AmerisourceBergen,16,119569,277,21532
2015,Fannie Mae,17,116461,14208,3248176
2015,Costco,18,112640,2058,33024
2015,HP,19,111454,5013,103206
2015,Kroger,20,108465,1728,30556
2015,JP Morgan Chase,21,102102,21762,2573126
2015,Express Scripts Holding,22,100887,2008,53799
2015,Bank of America Corp.,23,95181,4833,2104534
2015,IBM,24,94128,12022,117532
2015,Marathon Petroleum,25,91417,2524,30460
2015,Cardinal Health,26,91084,1166,26033
2015,Boeing,27,90762,5446,99198
2015,Citigroup,28,90646,7313,1842530
2015,Amazon.com,29,88988,-241,54505
2015,Wells Fargo,30,88372,23057,1687155
2015,Microsoft,31,86833,22074,172384
2015,Procter & Gamble,32,84537,11643,144266
2015,Home Depot,33,83176,6345,39946
2015,Archer Daniels Midland,34,81201,2248,44027
2015,Walgreens,35,76392,1932,37182
2015,Target,36,74520,-1636,41404
2015,Johnson & Johnson,37,74331,16323,131119
2015,Anthem,38,73874,2570,62065
2015,MetLife,39,73316,6309,902337
2015,Alphabet,40,71487,14444,131133
2015,State Farm Insurance Cos.,41,71160,4191,239143
2015,Freddie Mac,42,69367,7690,1945539
2015,Comcast,43,68775,8380,159339
2015,PepsiCo,44,66683,6513,70509
2015,United Technologies,45,65100,6220,91289
2015,AIG,46,64406,7529,515581
2015,UPS,47,58232,3032,35471
2015,Dow Chemical,48,58167,3772,68796
2015,Aetna,49,58003,2041,53402
2015,Lowe’s,50,56223,2698,31827
2015,ConocoPhillips,51,55997,6869,116539
2015,Intel,52,55870,11704,91956
2015,Energy Transfer Equity,53,55691,633,64469
2015,Caterpillar,54,55184,3695,84681
2015,Prudential Financial,55,54123,1381,766655
2015,Pfizer,56,49605,9135,169274
2015,Walt Disney,57,48813,7501,84186
2015,Humana,58,48500,1147,23466
2015,Enterprise Products Partners,59,47951,2787,47101
2015,Cisco Systems,60,47142,7853,105134
2015,Sysco,61,46517,932,13168
2015,Ingram Micro,62,46487,267,12831
2015,Coca-Cola,63,45998,7098,92023
2015,Lockheed Martin,64,45600,3614,37073
2015,FedEx,65,45567,2097,33070
2015,Johnson Controls,66,43855,1215,32804
2015,Plains GP Holdings,67,43464,70,23983
2015,World Fuel Services,68,43386,222,4880
2015,CHS,69,42664,1081,15147
2015,American Airlines Group,70,42650,2882,43771
2015,Merck,71,42237,11920,98335
2015,Best Buy,72,41903,1233,15256
2015,Delta Air Lines,73,40362,659,54121
2015,Honeywell International,74,40306,4239,45451
2015,HCA Holdings,75,40087,1875,31199
2015,Goldman Sachs Group,76,40085,8477,856240
2015,Tesoro,77,40052,843,16584
2015,Liberty Mutual Insurance Group,78,39796,1833,124304
2015,United Continental Holdings,79,38901,1132,37353
2015,New York Life Insurance,80,38680,1602,249664
2015,Oracle,81,38275,10955,90344
2015,Morgan Stanley,82,37953,3467,801510
2015,Tyson Foods,83,37580,864,23956
2015,Safeway,84,36643,113,13377
2015,Nationwide,85,36257,432,182575
2015,Deere,86,36067,3162,61336
2015,DuPont,87,36046,3625,49876
2015,American Express,88,35999,5885,159103
2015,Allstate,89,35239,2850,108533
2015,Cigna,90,34914,2102,55896
2015,Mondelez International,91,34244,2184,66815
2015,TIAA-CREF,92,34230,967,526048
2015,INTL FCStone,93,34063,19,3040
2015,Massachusetts Mutual Life Insurance,94,33572,1327,253858
2015,DirecTV,95,33260,2756,25459
2015,Halliburton,96,32870,3500,32240
2015,Twenty-First Century Fox,97,31867,4514,54793
2015,3M,98,31821,4956,31269
2015,Sears Holdings,99,31198,-1682,13209
2015,General Dynamics,100,30852,2533,35355
2015,Publix Super Markets,101,30803,1735,15084
2015,Philip Morris International,102,29767,7493,35187
2015,TJX,103,29078,2215,11128
2015,Time Warner,104,28774,3827,63259
2015,Macy’s,105,28105,1526,21461
2015,Nike,106,27799,2693,18594
2015,Tech Data,107,27671,175,6138
2015,Avnet,108,27500,546,11256
2015,Northwestern Mutual,109,27465,679,229933
2015,McDonald’s,110,27441,4758,34281
2015,Exelon,111,27429,1623,86814
2015,Travelers Cos.,112,27162,3692,103078
2015,Qualcomm,113,26487,7967,48574
2015,International Paper,114,26221,555,28684
2015,Occidental Petroleum,115,25898,616,56259
2015,Duke Energy,116,25673,1883,120709
2015,Rite Aid,117,25526,249,6945
2015,Gilead Sciences,118,24890,12101,34664
2015,Baker Hughes,119,24551,1719,28827
2015,Emerson Electric,120,24537,2147,24177
2015,EMC,121,24440,2714,45885
2015,USAA,122,24033,3410,130253
2015,Union Pacific,123,23988,5180,52716
2015,Northrop Grumman,124,23979,2069,26572
2015,Alcoa,125,23906,268,37399
2015,Capital One Financial,126,23877,4428,308854
2015,National Oilwell Varco,127,23141,2502,33562
2015,US Foods,128,23020,-73,9057
2015,Raytheon,129,22826,2244,27900
2015,Time Warner Cable,130,22812,2031,48501
2015,Arrow Electronics,131,22769,498,12443
2015,Aflac,132,22728,2951,119767
2015,Staples,133,22492,135,10314
2015,Abbott Laboratories,134,22323,2284,41275
2015,Community Health Systems,135,21987,92,27421
2015,Fluor,136,21532,511,8194
2015,Freeport-McMoRan,137,21438,-1308,58795
2015,U.S. Bancorp,138,21392,5851,402529
2015,Nucor,139,21105,714,15616
2015,Kimberly-Clark,140,21044,1526,15526
2015,Hess,141,21015,2317,38578
2015,Chesapeake Energy,142,20951,1917,40751
2015,Xerox,143,20905,969,27658
2015,ManpowerGroup,144,20763,428,7183
2015,Amgen,145,20063,5158,69009
2015,AbbVie,146,19960,1774,27547
2015,Danaher,147,19914,2598,36992
2015,Whirlpool,148,19872,650,20002
2015,PBF Energy,149,19828,-38,5196
2015,HollyFrontier,150,19764,281,9231
2015,Eli Lilly,151,19616,2391,37178
2015,Devon Energy,152,19566,1607,50637
2015,Progressive,153,19391,1281,25788
2015,Cummins,154,19221,1651,15776
2015,Icahn Enterprises,155,19157,-373,35780
2015,AutoNation,156,19109,419,8400
2015,Kohl’s,157,19023,867,14431
2015,Paccar,158,18997,1359,20619
2015,Dollar General,159,18910,1065,11224
2015,Hartford Financial Services Group,160,18847,798,245013
2015,Southwest Airlines,161,18605,1136,20200
2015,Anadarko Petroleum,162,18470,-1750,61689
2015,Southern,163,18467,1963,70923
2015,Supervalu,164,18390,182,4374
2015,Kraft Foods Group,165,18205,1043,22947
2015,Goodyear Tire & Rubber,166,18138,2452,18109
2015,EOG Resources,167,18035,2916,34763
2015,CenturyLink,168,18031,772,50147
2015,Altria Group,169,17945,5070,34475
2015,Tenet Healthcare,170,17924,12,18141
2015,General Mills,171,17910,1824,23146
2015,eBay,172,17902,46,45132
2015,ConAgra Foods,173,17773,303,19366
2015,Lear,174,17727,672,9150
2015,TRW Automotive Holdings,175,17539,293,11294
2015,United States Steel,176,17507,102,12314
2015,Penske Automotive Group,177,17439,287,7228
2015,AES,178,17378,769,38966
2015,Colgate-Palmolive,179,17277,2180,13459
2015,Global Partners,180,17270,115,2040
2015,Thermo Fisher Scientific,181,17100,1894,42852
2015,PG&E Corp.,182,17090,1436,60127
2015,NextEra Energy,183,17021,2465,74929
2015,American Electric Power,184,17020,1634,59633
2015,Baxter International,185,16972,2497,25917
2015,Centene,186,16588,271,5838
2015,Starbucks,187,16448,2068,10753
2015,Gap,188,16435,1262,7690
2015,Bank of New York Mellon Corp.,189,16386,2567,385303
2015,Micron Technology,190,16358,3045,22498
2015,Jabil Circuit,191,16349,241,8480
2015,PNC Financial Services Group,192,16281,4184,345072
2015,Kinder Morgan,193,16226,1026,83198
2015,Office Depot,194,16096,-354,6844
2015,Bristol-Myers Squibb,195,15879,2004,33749
2015,NRG Energy,196,15868,134,40665
2015,Monsanto,197,15855,2740,21981
2015,PPG Industries,198,15607,2102,17583
2015,Genuine Parts,199,15342,711,8246
2015,Omnicom Group,200,15318,1104,21560
2015,Illinois Tool Works,201,15282,2946,17678
2015,Murphy USA,202,15279,244,1934
2015,Land O’Lakes,203,15199,267,6992
2015,Western Refining,204,15154,560,5683
2015,Western Digital,205,15130,1617,15499
2015,FirstEnergy,206,15054,299,52166
2015,Aramark,207,14833,149,10456
2015,DISH Network,208,14643,945,22108
2015,Las Vegas Sands,209,14584,2841,22362
2015,Kellogg,210,14580,632,15153
2015,Loews,211,14572,591,78367
2015,CBS,212,14483,2959,24072
2015,Ecolab,213,14281,1203,19467
2015,Whole Foods Market,214,14194,579,5744
2015,Chubb,215,14098,2100,51286
2015,Health Net,216,14009,146,5396
2015,Waste Management,217,13996,1298,21412
2015,Apache,218,13938,-5403,55952
2015,Textron,219,13878,600,14605
2015,Synnex,220,13840,180,4713
2015,Marriott International,221,13796,753,6865
2015,Viacom,222,13783,2391,23117
2015,Lincoln National,223,13554,1515,253377
2015,Nordstrom,224,13506,720,9245
2015,C.H. Robinson Worldwide,225,13470,450,3214
2015,Edison International,226,13413,1612,50186
2015,Marathon Oil,227,13297,3046,36011
2015,Yum Brands,228,13279,1051,8345
2015,Computer Sciences,229,13233,674,11389
2015,Parker-Hannifin,230,13216,1041,13274
2015,DaVita HealthCare Partners,231,13162,723,17943
2015,CarMax,232,13122,493,11707
2015,Texas Instruments,233,13045,2821,17722
2015,WellCare Health Plans,234,12960,64,4495
2015,Marsh & McLennan,235,12951,1465,17840
2015,Consolidated Edison,236,12919,1092,44308
2015,Oneok,237,12836,314,15305
2015,Visa,238,12702,5438,38569
2015,Jacobs Engineering Group,239,12695,328,8454
2015,CSX,240,12669,1927,33053
2015,Entergy,241,12495,941,46528
2015,Facebook,242,12466,2940,40184
2015,Dominion Resources,243,12436,1310,54327
2015,Leucadia National,244,12407,208,52624
2015,Toys “R” Us,245,12361,-292,7115
2015,DTE Energy,246,12301,905,27974
2015,Ameriprise Financial,247,12296,1619,148810
2015,VF,248,12282,1048,9980
2015,Praxair,249,12273,1694,19802
2015,J.C. Penney,250,12257,-771,10404
2015,Automatic Data Processing,251,12220,1516,32052
2015,L-3 Communications,252,12124,664,13836
2015,CDW,253,12075,245,6100
2015,Guardian Life Ins. Co. of America,254,11909,445,62059
2015,Xcel Energy,255,11686,1021,36958
2015,Norfolk Southern,256,11624,2000,33241
2015,PPL,257,11616,1737,48864
2015,R.R. Donnelley & Sons,258,11603,117,7639
2015,Huntsman,259,11578,323,11002
2015,Bed Bath & Beyond,260,11504,1022,6356
2015,Stanley Black & Decker,261,11457,761,15849
2015,L Brands,262,11454,1042,7544
2015,Liberty Interactive,263,11382,537,18641
2015,Farmers Insurance Exchange,264,11318,3,15591
2015,First Data,265,11152,-458,34269
2015,Sherwin-Williams,266,11130,866,5706
2015,BlackRock,267,11081,3294,239808
2015,Voya Financial,268,11071,2300,226951
2015,Ross Stores,269,11042,925,4703
2015,Sempra Energy,270,11035,1161,39732
2015,Estee Lauder,271,10969,1204,7869
2015,H.J. Heinz,272,10922,657,36763
2015,Reinsurance Group of America,273,10904,684,44680
2015,Public Service Enterprise Group,274,10886,1518,35333
2015,Cameron International,275,10809,811,12892
2015,Navistar International,276,10806,-619,7443
2015,CST Brands,277,10777,200,3641
2015,State Street Corp.,278,10687,2037,274119
2015,Unum Group,279,10510,413,62497
2015,Hilton Worldwide Holdings,280,10502,673,26125
2015,Family Dollar Stores,281,10489,285,3857
2015,Principal Financial,282,10478,1144,219087
2015,Reliance Steel & Aluminum,283,10452,372,7837
2015,Air Products & Chemicals,284,10448,992,17779
2015,Assurant,285,10382,471,31563
2015,Peter Kiewit Sons’,286,10380,350,6759
2015,Henry Schein,287,10371,466,6139
2015,Cognizant Technology Solutions,288,10263,1439,11719
2015,MGM Resorts International,289,10082,-150,26703
2015,W.W. Grainger,290,9965,802,5284
2015,Group 1 Automotive,291,9938,93,4142
2015,BB&T Corp.,292,9926,2151,186814
2015,WestRock,293,9895,480,11040
2015,Advance Auto Parts,294,9844,494,7962
2015,Ally Financial,295,9790,1150,151828
2015,AGCO,296,9724,410,7396
2015,Corning,297,9715,2472,30063
2015,Biogen,298,9703,2935,14317
2015,NGL Energy Partners,299,9699,48,4167
2015,Stryker,300,9675,515,17713
2015,Molina Healthcare,301,9667,62,4477
2015,Precision Castparts,302,9640,1777,18586
2015,Discover Financial Services,303,9611,2323,83126
2015,Genworth Financial,304,9565,-1244,111358
2015,Eastman Chemical,305,9527,751,16072
2015,Dean Foods,306,9503,-20,2770
2015,AutoZone,307,9475,1070,7518
2015,MasterCard,308,9473,3617,15329
2015,Owens & Minor,309,9440,67,2735
2015,Hormel Foods,310,9316,603,5456
2015,GameStop,311,9296,393,4246
2015,Autoliv,312,9241,468,7443
2015,CenterPoint Energy,313,9226,611,23200
2015,Fidelity National Financial,314,9199,583,13868
2015,Sonic Automotive,315,9197,97,3183
2015,HD Supply Holdings,316,9167,3,6060
2015,Charter Communications,317,9108,-183,24550
2015,Crown Holdings,318,9097,387,9708
2015,Applied Materials,319,9072,1072,13174
2015,Mosaic,320,9056,1029,18283
2015,CBRE Group,321,9050,485,7647
2015,Avon Products,322,8851,-389,5497
2015,Republic Services,323,8788,548,20094
2015,Universal Health Services,324,8764,545,8974
2015,Darden Restaurants,325,8758,286,7101
2015,Steel Dynamics,326,8756,157,7311
2015,SunTrust Banks,327,8707,1774,190328
2015,Caesars Entertainment,328,8679,-2783,23535
2015,Targa Resources,329,8617,102,6454
2015,Dollar Tree,330,8602,599,3567
2015,News Corp.,331,8574,239,16489
2015,Ball,332,8570,470,7571
2015,Thrivent Financial for Lutherans,333,8521,753,80376
2015,Masco,334,8521,856,7167
2015,Franklin Resources,335,8491,2384,16357
2015,Avis Budget Group,336,8485,245,16969
2015,Reynolds American,337,8471,1470,15196
2015,Becton Dickinson,338,8446,1185,12447
2015,Priceline Group,339,8442,2422,14941
2015,Broadcom,340,8428,652,12471
2015,Tenneco,341,8420,226,4010
2015,Campbell Soup,342,8405,818,8113
2015,AECOM,343,8357,230,6123
2015,Visteon,344,8343,-295,5323
2015,Delek US Holdings,345,8324,199,2891
2015,Dover,346,8322,775,9090
2015,BorgWarner,347,8305,656,7228
2015,Jarden,348,8287,243,10799
2015,UGI,349,8277,337,10093
2015,Murphy Oil,350,8263,906,16742
2015,PVH,351,8241,439,10932
2015,Core-Mark Holding,352,8170,43,1030
2015,Calpine,353,8030,946,18378
2015,D.R. Horton,354,8025,534,10203
2015,Weyerhaeuser,355,7976,1826,13457
2015,KKR,356,7972,478,65873
2015,FMC Technologies,357,7943,700,7176
2015,American Family Insurance Group,358,7933,515,20550
2015,SpartanNash,359,7916,59,1932
2015,WESCO International,360,7890,276,4754
2015,Quanta Services,361,7851,297,6312
2015,Mohawk Industries,362,7803,532,8286
2015,Motorola Solutions,363,7785,1299,10423
2015,Lennar,364,7780,639,12958
2015,TravelCenters of America,365,7779,61,1425
2015,Sealed Air,366,7751,258,8042
2015,Eversource Energy,367,7742,820,29778
2015,Coca-Cola Enterprises,368,7680,663,8543
2015,Celgene,369,7670,2000,17340
2015,Williams,370,7637,2114,50563
2015,Ashland,371,7621,233,10951
2015,Interpublic Group,372,7537,477,12747
2015,Blackstone Group,373,7485,1585,31511
2015,Ralph Lauren,374,7450,776,6090
2015,Quest Diagnostics,375,7435,556,9877
2015,Hershey,376,7422,847,5630
2015,Terex,377,7404,319,5928
2015,Boston Scientific,378,7380,-119,17042
2015,Newmont Mining,379,7292,508,24916
2015,Allergan,380,7238,1524,12416
2015,O’Reilly Automotive,381,7216,778,6540
2015,Casey’s General Stores,382,7194,127,2305
2015,CMS Energy,383,7179,477,19185
2015,Foot Locker,384,7151,520,3577
2015,W.R. Berkley,385,7129,649,21717
2015,PetSmart,386,7112,426,2827
2015,Pacific Life,387,7073,540,137048
2015,Commercial Metals,388,7057,116,3689
2015,Agilent Technologies,389,6981,504,10831
2015,Huntington Ingalls Industries,390,6957,338,6269
2015,Mutual of Omaha Insurance,391,6878,292,34481
2015,Live Nation Entertainment,392,6867,-91,5988
2015,Dick’s Sporting Goods,393,6815,344,3436
2015,Oshkosh,394,6808,309,4587
2015,Celanese,395,6802,624,8818
2015,Spirit AeroSystems Holdings,396,6799,359,5163
2015,United Natural Foods,397,6794,126,2297
2015,Peabody Energy,398,6792,-787,13191
2015,Owens-Illinois,399,6784,75,7858
2015,Dillard’s,400,6780,332,4170
2015,Level 3 Communications,401,6777,314,20947
2015,Pantry,402,6765,13,1734
2015,LKQ,403,6740,382,5574
2015,Integrys Energy Group,404,6731,277,11282
2015,Symantec,405,6676,898,13539
2015,Buckeye Partners,406,6646,273,8086
2015,Ryder System,407,6639,219,9676
2015,SanDisk,408,6628,1007,10290
2015,Rockwell Automation,409,6624,827,6230
2015,Dana Holding,410,6617,319,4930
2015,Lansing Trade Group,411,6614,58,1284
2015,NCR,412,6591,191,8607
2015,Expeditors International of Washington,413,6565,377,2891
2015,Omnicare,414,6551,145,6108
2015,AK Steel Holding,415,6506,-97,4859
2015,Fifth Third Bancorp,416,6503,1481,138706
2015,Seaboard,417,6473,365,3677
2015,NiSource,418,6471,530,24866
2015,Cablevision Systems,419,6461,311,6765
2015,Anixter International,420,6446,195,3587
2015,EMCOR Group,421,6444,169,3389
2015,Fidelity National Information Services,422,6417,679,14521
2015,Barnes & Noble,423,6381,-47,3537
2015,KBR,424,6366,-1262,4199
2015,Auto-Owners Insurance,425,6337,564,19220
2015,Jones Financial,426,6333,770,14770
2015,Avery Dennison,427,6330,249,4360
2015,NetApp,428,6325,638,9219
2015,iHeartMedia,429,6319,-794,14040
2015,Discovery Communications,430,6265,1139,16014
2015,Harley-Davidson,431,6229,845,9528
2015,Sanmina,432,6215,197,3313
2015,Trinity Industries,433,6170,678,8734
2015,J.B. Hunt Transport Services,434,6165,375,3397
2015,Charles Schwab,435,6156,1321,154642
2015,Erie Insurance Group,436,6124,168,17758
2015,Dr Pepper Snapple Group,437,6121,703,8273
2015,Ameren,438,6054,586,22676
2015,Mattel,439,6024,499,6722
2015,Laboratory Corp. of America,440,6012,511,7302
2015,TEGNA,441,6008,1062,11206
2015,Starwood Hotels & Resorts,442,5983,633,8659
2015,General Cable,443,5980,-628,3367
2015,A-Mark Precious Metals,444,5979,8,305
2015,Graybar Electric,445,5979,87,1939
2015,Energy Future Holdings,446,5978,-6406,29248
2015,HRG Group,447,5963,-10,30100
2015,MRC Global,448,5933,144,3874
2015,Spectra Energy,449,5903,1082,34040
2015,Asbury Automotive Group,450,5868,112,2192
2015,Packaging Corp. of America,451,5853,393,5349
2015,Windstream Holdings,452,5830,-40,12713
2015,PulteGroup,453,5822,474,8569
2015,JetBlue Airways,454,5817,401,7839
2015,Newell Brands,455,5810,378,6681
2015,Con-way,456,5806,137,3336
2015,Calumet Specialty Products Partners,457,5791,-112,3120
2015,Expedia,458,5764,398,9021
2015,American Financial Group,459,5713,452,47535
2015,Tractor Supply,460,5712,371,2035
2015,United Rentals,461,5685,540,12467
2015,Ingredion,462,5668,355,5091
2015,Navient,463,5637,1149,146352
2015,MeadWestvaco,464,5631,263,9364
2015,AGL Resources,465,5628,482,14909
2015,St. Jude Medical,466,5622,1002,10207
2015,J.M. Smucker,467,5611,565,9072
2015,Western Union,468,5607,852,9890
2015,Clorox,469,5591,558,4258
2015,Domtar,470,5563,431,6185
2015,Kelly Services,471,5563,24,1918
2015,Old Republic International,472,5531,410,16988
2015,Advanced Micro Devices,473,5506,-403,3767
2015,Netflix,474,5505,267,7057
2015,Booz Allen Hamilton Holding,475,5479,232,2941
2015,Quintiles Transnational Holdings,476,5460,356,3306
2015,Wynn Resorts,477,5434,732,9063
2015,Jones Lang LaSalle,478,5430,386,5075
2015,Regions Financial,479,5428,1155,119679
2015,CH2M Hill,480,5414,-182,2941
2015,Western & Southern Financial Group,481,5404,790,41354
2015,Lithia Motors,482,5403,139,2881
2015,salesforce.com,483,5374,-263,10693
2015,Alaska Air Group,484,5368,605,6181
2015,Host Hotels & Resorts,485,5354,732,12207
2015,Harman International Industries,486,5349,235,4126
2015,Amphenol,487,5346,709,7027
2015,Realogy Holdings,488,5328,143,7538
2015,Essendant,489,5327,119,2370
2015,Hanesbrands,490,5325,405,5222
2015,Kindred Healthcare,491,5325,-80,5653
2015,ARRIS Group,492,5323,327,4366
2015,Insight Enterprises,493,5316,76,1948
2015,Alliance Data Systems,494,5303,506,20264
2015,LifePoint Health,495,5301,126,5457
2015,Pioneer Natural Resources,496,5293,930,14926
2015,Wyndham Worldwide,497,5281,529,9679
2015,Owens Corning,498,5276,226,7555
2015,Alleghany,499,5232,679,23489
2015,McGraw Hill Financial,500,5190,-115,6771
2016,Walmart,1,482130,14694,199581
2016,Exxon Mobil,2,246204,16150,336758
2016,Apple,3,233715,53394,290479
2016,Berkshire Hathaway,4,210821,24083,552257
2016,McKesson,5,181241,1476,53870
2016,UnitedHealth Group,6,157107,5813,111383
2016,CVS Health,7,153290,5237,93657
2016,General Motors,8,152356,9687,194520
2016,Ford Motor,9,149558,7373,224925
2016,AT&T,10,146801,13345,402672
2016,General Electric,11,140389,-6126,492692
2016,AmerisourceBergen,12,135962,-135,27736
2016,Verizon,13,131620,17879,244640
2016,Chevron,14,131118,4587,266103
2016,Costco,15,116199,2377,33440
2016,Fannie Mae,16,110359,10954,3221917
2016,Kroger,17,109830,2039,33897
2016,Amazon.com,18,107006,596,65444
2016,Walgreens Boots Alliance,19,103444,4220,68782
2016,HP,20,103355,4554,106882
2016,Cardinal Health,21,102531,1215,30142
2016,Express Scripts Holding,22,101752,2476,53243
2016,J.P. Morgan Chase,23,101006,24442,2351698
2016,Boeing,24,96114,5176,94408
2016,Microsoft,25,93580,12193,176223
2016,Bank of America Corp.,26,93056,15888,2144316
2016,Wells Fargo,27,90033,22894,1787632
2016,Home Depot,28,88519,7009,42549
2016,Citigroup,29,88275,17242,1731210
2016,Phillips 66,30,87169,4227,48580
2016,IBM,31,82461,13190,110495
2016,Valero Energy,32,81824,3990,44343
2016,Anthem,33,79157,2560,61718
2016,Procter & Gamble,34,78756,7036,129495
2016,State Farm Insurance Cos.,35,75697,6229,241183
2016,Alphabet,36,74989,16348,147461
2016,Comcast,37,74510,8163,166574
2016,Target,38,73785,3363,40262
2016,Johnson & Johnson,39,70074,15409,133411
2016,MetLife,40,69951,5310,877933
2016,Archer Daniels Midland,41,67702,1849,40157
2016,Marathon Petroleum,42,64566,2852,43115
2016,Freddie Mac,43,63491,6376,1986050
2016,PepsiCo,44,63056,5452,69667
2016,United Technologies,45,61047,7608,87484
2016,Aetna,46,60337,2390,53424
2016,Lowe’s,47,59074,2546,31266
2016,UPS,48,58363,4844,38311
2016,AIG,49,58327,2196,496943
2016,Prudential Financial,50,57119,5642,757388
2016,Intel,51,55355,11420,103065
2016,Humana,52,54289,1276,24705
2016,Disney,53,52465,8382,88182
2016,Cisco Systems,54,49161,8981,113481
2016,Pfizer,55,48851,6960,167460
2016,Dow Chemical,56,48778,7685,68026
2016,Sysco,57,48681,687,17989
2016,FedEx,58,47453,1050,37069
2016,Caterpillar,59,47011,2102,78497
2016,Lockheed Martin,60,46132,3605,49128
2016,New York Life Insurance,61,45891,257,271668
2016,Coca-Cola,62,44294,7351,90093
2016,HCA Holdings,63,43591,2129,32744
2016,Ingram Micro,64,43026,215,12307
2016,Energy Transfer Equity,65,42126,1189,71189
2016,Tyson Foods,66,41373,1220,23004
2016,American Airlines Group,67,40990,7610,48415
2016,Delta Air Lines,68,40704,4526,53134
2016,Nationwide,69,40222,581,185306
2016,Johnson Controls,70,40204,1563,29673
2016,Best Buy,71,39745,897,13519
2016,Merck,72,39498,4442,101779
2016,Liberty Mutual Insurance Group,73,39450,514,121707
2016,Goldman Sachs Group,74,39208,6083,861395
2016,Honeywell International,75,38581,4768,49316
2016,Massachusetts Mutual Life Insurance,76,38243,1425,266550
2016,Oracle,77,38226,9938,110903
2016,Morgan Stanley,78,37897,6127,787465
2016,Cigna,79,37876,2094,57088
2016,United Continental Holdings,80,37864,7340,40861
2016,Allstate,81,35653,2171,104656
2016,TIAA,82,35181,1214,517963
2016,INTL FCStone,83,34693,56,5070
2016,CHS,84,34582,781,15228
2016,American Express,85,34441,5163,161184
2016,Gilead Sciences,86,32639,18108,51839
2016,Publix Super Markets,87,32619,1965,16359
2016,General Dynamics,88,31469,2965,31997
2016,TJX,89,30945,2278,11500
2016,ConocoPhillips,90,30935,-4428,97484
2016,Nike,91,30601,3273,21600
2016,World Fuel Services,92,30380,187,4549
2016,3M,93,30274,4833,32718
2016,Mondelez International,94,29636,7267,62843
2016,Exelon,95,29447,2269,95384
2016,Twenty-First Century Fox,96,28987,8306,50051
2016,Deere,97,28863,1940,57948
2016,Tesoro,98,28150,1540,16332
2016,Time Warner,99,28118,3833,63848
2016,Northwestern Mutual,100,28111,815,238472
2016,DuPont,101,27940,1953,41166
2016,Avnet,102,27925,572,10800
2016,Macy’s,103,27079,1072,20576
2016,Enterprise Products Partners,104,27028,2521,48952
2016,Travelers Cos.,105,26800,3439,100184
2016,Philip Morris International,106,26794,6873,33956
2016,Rite Aid,107,26528,2109,8863
2016,Tech Data,108,26380,266,6358
2016,McDonald’s,109,25413,4529,37939
2016,Qualcomm,110,25281,5271,50796
2016,Sears Holdings,111,25146,-1129,11337
2016,Capital One Financial,112,25098,4050,334048
2016,EMC,113,24704,1990,46612
2016,USAA,114,24361,2272,137077
2016,Duke Energy,115,24002,2816,121156
2016,Time Warner Cable,116,23697,1844,49277
2016,Halliburton,117,23633,-671,36942
2016,Northrop Grumman,118,23526,1990,24454
2016,Arrow Electronics,119,23282,498,13022
2016,Raytheon,120,23247,2074,29281
2016,Plains GP Holdings,121,23152,118,24142
2016,US Foods Holding,122,23128,168,9239
2016,AbbVie,123,22859,5144,53050
2016,Centene,124,22795,355,7339
2016,Community Health Systems,125,22678,158,26861
2016,Arconic,126,22534,-322,36528
2016,International Paper,127,22365,938,30587
2016,Emerson Electric,128,22304,2710,22088
2016,Union Pacific,129,21813,4772,54600
2016,Amgen,130,21662,6939,71576
2016,U.S. Bancorp,131,21494,5879,421853
2016,Staples,132,21059,379,10172
2016,Danaher,133,20909,3357,48222
2016,Whirlpool,134,20891,783,19010
2016,Aflac,135,20872,2533,118296
2016,AutoNation,136,20862,443,9558
2016,Progressive,137,20854,1268,29819
2016,Abbott Laboratories,138,20661,4423,41247
2016,Dollar General,139,20369,1165,11258
2016,Tenet Healthcare,140,20111,-140,23682
2016,Eli Lilly,141,19959,2408,35569
2016,Southwest Airlines,142,19820,2181,21312
2016,Penske Automotive Group,143,19361,326,8023
2016,ManpowerGroup,144,19330,419,7518
2016,Kohl’s,145,19204,673,13606
2016,Starbucks,146,19163,2757,12446
2016,Paccar,147,19115,1604,21110
2016,Cummins,148,19110,1399,15134
2016,Altria Group,149,18854,5241,32535
2016,Xerox,150,18664,474,24817
2016,Kimberly-Clark,151,18591,1013,14842
2016,Hartford Financial Services Group,152,18377,1682,228348
2016,Kraft Heinz,153,18338,634,122973
2016,Lear,154,18211,746,9406
2016,Fluor,155,18114,413,7632
2016,AECOM,156,17990,-155,14014
2016,Facebook,157,17928,3688,49407
2016,Jabil Circuit,158,17914,284,9603
2016,CenturyLink,159,17900,878,47604
2016,Supervalu,160,17820,192,4485
2016,General Mills,161,17630,1221,21965
2016,Southern,162,17489,2367,78318
2016,NextEra Energy,163,17486,2752,82479
2016,Thermo Fisher Scientific,164,16965,1975,40889
2016,American Electric Power,165,16900,2047,61683
2016,PG&E Corp.,166,16833,874,63339
2016,NGL Energy Partners,167,16802,17,6548
2016,Bristol-Myers Squibb,168,16560,1565,31748
2016,Goodyear Tire & Rubber,169,16443,307,16439
2016,Nucor,170,16439,358,14250
2016,PNC Financial Services Group,171,16270,4106,358493
2016,Health Net,172,16244,186,6398
2016,Micron Technology,173,16192,2899,24143
2016,Colgate-Palmolive,174,16034,1384,11958
2016,Freeport-McMoRan,175,15877,-12236,46577
2016,ConAgra Foods,176,15849,-253,17542
2016,Gap,177,15797,920,7473
2016,Baker Hughes,178,15742,-1967,24080
2016,Bank of New York Mellon Corp.,179,15523,3158,393780
2016,Dollar Tree,180,15498,282,15901
2016,Whole Foods Market,181,15389,536,5741
2016,PPG Industries,182,15330,1406,17076
2016,Genuine Parts,183,15280,706,8145
2016,Icahn Enterprises,184,15272,-1194,36442
2016,Performance Food Group,185,15270,57,3391
2016,Omnicom Group,186,15134,1094,22111
2016,DISH Network,187,15069,747,22887
2016,FirstEnergy,188,15026,578,52187
2016,Monsanto,189,15001,2314,21920
2016,AES,190,14963,306,36850
2016,CarMax,191,14874,597,13198
2016,National Oilwell Varco,192,14757,-769,26725
2016,NRG Energy,193,14674,-6382,32882
2016,Western Digital,194,14572,1465,15181
2016,Marriott International,195,14486,859,6082
2016,Office Depot,196,14485,8,6442
2016,Nordstrom,197,14437,600,7698
2016,Kinder Morgan,198,14403,253,84104
2016,Aramark,199,14329,236,10224
2016,DaVita,200,14210,270,18515
2016,Molina Healthcare,201,14178,143,6576
2016,WellCare Health Plans,202,13890,119,5194
2016,CBS,203,13886,1413,23765
2016,Visa,204,13880,6328,40236
2016,Lincoln National,205,13572,1154,251937
2016,Ecolab,206,13545,1002,18642
2016,Kellogg,207,13525,614,15265
2016,C.H. Robinson Worldwide,208,13476,510,3184
2016,Textron,209,13423,697,14708
2016,Loews,210,13415,260,76029
2016,Illinois Tool Works,211,13405,1899,15729
2016,Synnex,212,13338,209,4444
2016,Viacom,213,13268,1922,22217
2016,HollyFrontier,214,13238,740,8388
2016,Land O’Lakes,215,13161,308,8000
2016,Devon Energy,216,13145,-14454,29532
2016,PBF Energy,217,13124,146,6105
2016,Yum Brands,218,13105,1293,8075
2016,Texas Instruments,219,13000,2986,16230
2016,CDW,220,12989,403,6755
2016,Waste Management,221,12961,753,20419
2016,Marsh & McLennan,222,12893,1599,18216
2016,Chesapeake Energy,223,12764,-14685,17357
2016,Parker-Hannifin,224,12712,1012,12295
2016,Occidental Petroleum,225,12699,-7829,43437
2016,Guardian Life Ins. Co. of America,226,12628,411,65072
2016,Farmers Insurance Exchange,227,12626,-114,15567
2016,J.C. Penney,228,12625,-513,9442
2016,Consolidated Edison,229,12554,1193,45642
2016,Cognizant Technology Solutions,230,12416,1624,13065
2016,VF,231,12377,1232,9640
2016,Ameriprise Financial,232,12200,1562,145342
2016,Computer Sciences,233,12183,-8,10201
2016,L Brands,234,12154,1253,8493
2016,Jacobs Engineering Group,235,12115,303,7786
2016,Principal Financial Group,236,11964,1234,218686
2016,Ross Stores,237,11940,1021,4869
2016,Bed Bath & Beyond,238,11881,958,6759
2016,CSX,239,11811,1968,35039
2016,Toys “R” Us,240,11802,-130,6968
2016,Las Vegas Sands,241,11689,1966,20987
2016,Leucadia National,242,11684,284,46340
2016,Dominion Resources,243,11683,1899,58797
2016,United States Steel,244,11574,-1642,9190
2016,L-3 Communications,245,11554,-240,12085
2016,Edison International,246,11524,1020,50310
2016,Entergy,247,11513,-177,44648
2016,ADP,248,11477,1453,33111
2016,First Data,249,11451,-1481,34362
2016,BlackRock,250,11401,3345,225261
2016,WestRock,251,11381,507,25357
2016,Voya Financial,252,11341,408,218250
2016,Sherwin-Williams,253,11339,1054,5792
2016,Hilton Worldwide Holdings,254,11272,1404,25716
2016,R.R. Donnelley & Sons,255,11257,151,7279
2016,Stanley Black & Decker,256,11211,884,15172
2016,Xcel Energy,257,11025,985,39054
2016,Murphy USA,258,10885,176,1886
2016,CBRE Group,259,10856,547,11018
2016,D.R. Horton,260,10824,751,11151
2016,Estee Lauder,261,10780,1089,8239
2016,Praxair,262,10776,1547,18319
2016,Biogen,263,10764,3547,19505
2016,State Street Corp.,264,10760,1980,245192
2016,Unum Group,265,10731,867,60590
2016,Reynolds American,266,10675,3253,53224
2016,Group 1 Automotive,267,10633,94,4415
2016,Henry Schein,268,10630,479,6505
2016,Hertz Global Holdings,269,10535,273,23358
2016,Norfolk Southern,270,10511,1556,34260
2016,Reinsurance Group of America,271,10418,502,50383
2016,Public Service Enterprise Group,272,10415,1679,37535
2016,BB&T Corp.,273,10346,2084,209947
2016,DTE Energy,274,10337,727,28737
2016,Assurant,275,10326,142,30043
2016,Global Partners,276,10315,44,2664
2016,Huntsman,277,10299,93,9820
2016,Becton Dickinson,278,10282,695,26820
2016,Sempra Energy,279,10231,1349,41150
2016,AutoZone,280,10187,1160,8102
2016,Navistar International,281,10140,-184,6692
2016,Precision Castparts,282,10056,1530,19428
2016,Discover Financial Services,283,10002,2297,86936
2016,Liberty Interactive,284,9989,869,21180
2016,W.W. Grainger,285,9973,769,5858
2016,Baxter International,286,9968,968,20975
2016,Stryker,287,9946,1439,16247
2016,Air Products & Chemicals,288,9895,1278,17438
2016,Western Refining,289,9787,407,5833
2016,Universal Health Services,290,9785,681,9634
2016,Owens & Minor,291,9773,103,2778
2016,Charter Communications,292,9754,-271,39316
2016,Advance Auto Parts,293,9737,473,8135
2016,MasterCard,294,9667,3808,16269
2016,Applied Materials,295,9659,1377,15308
2016,Eastman Chemical,296,9648,848,15611
2016,Sonic Automotive,297,9624,86,3562
2016,Ally Financial,298,9539,1289,158581
2016,CST Brands,299,9499,149,3840
2016,eBay,300,9496,1725,17785
2016,Lennar,301,9474,803,14420
2016,GameStop,302,9364,403,4335
2016,Reliance Steel & Aluminum,303,9351,312,7122
2016,Hormel Foods,304,9264,686,6140
2016,Celgene,305,9256,1602,27053
2016,Genworth Financial,306,9249,-615,106431
2016,PayPal Holdings,307,9248,1228,28881
2016,Priceline Group,308,9224,2551,17421
2016,MGM Resorts International,309,9190,-448,25215
2016,Autoliv,310,9170,457,7526
2016,Fidelity National Financial,311,9132,527,13931
2016,Republic Services,312,9115,750,20577
2016,Corning,313,9111,1339,28547
2016,Peter Kiewit Sons’,314,8992,251,6038
2016,Univar,315,8982,17,5612
2016,Mosaic,316,8895,1000,17412
2016,Core-Mark Holding,317,8858,52,1077
2016,Thrivent Financial for Lutherans,318,8789,769,83532
2016,Cameron International,319,8782,501,11500
2016,HD Supply Holdings,320,8779,1472,6016
2016,Crown Holdings,321,8762,393,10020
2016,EOG Resources,322,8757,-4525,26975
2016,Veritiv,323,8718,27,2477
2016,Anadarko Petroleum,324,8698,-6692,46414
2016,Laboratory Corp. of America,325,8680,437,14222
2016,Pacific Life,326,8642,661,137279
2016,News Corp.,327,8633,-147,15093
2016,Jarden,328,8604,147,14293
2016,SunTrust Banks,329,8533,1933,190817
2016,Avis Budget Group,330,8502,313,17634
2016,Broadcom,331,8394,978,13693
2016,American Family Insurance Group,332,8286,694,21461
2016,Level 3 Communications,333,8229,3433,24145
2016,Tenneco,334,8209,247,3967
2016,United Natural Foods,335,8185,139,2550
2016,Dean Foods,336,8122,-9,2528
2016,Campbell Soup,337,8082,691,8089
2016,Mohawk Industries,338,8072,615,9942
2016,BorgWarner,339,8023,610,8842
2016,PVH,340,8020,572,10696
2016,Ball,341,7997,281,9777
2016,O’Reilly Automotive,342,7967,931,6677
2016,Eversource Energy,343,7955,879,30580
2016,Franklin Resources,344,7949,2035,16336
2016,Masco,345,7904,355,5680
2016,Lithia Motors,346,7864,183,3227
2016,KKR,347,7786,489,71058
2016,Oneok,348,7763,245,15446
2016,Newmont Mining,349,7729,220,25182
2016,PPL,350,7669,682,39301
2016,SpartanNash,351,7652,63,1925
2016,Quanta Services,352,7632,311,5214
2016,XPO Logistics,353,7623,-191,12643
2016,Ralph Lauren,354,7620,702,6106
2016,Interpublic Group,355,7614,455,12585
2016,Steel Dynamics,356,7594,-130,6202
2016,WESCO International,357,7519,211,4587
2016,Quest Diagnostics,358,7493,709,9962
2016,Boston Scientific,359,7477,-239,18133
2016,AGCO,360,7467,266,6501
2016,Foot Locker,361,7412,541,3775
2016,Hershey,362,7387,513,5344
2016,CenterPoint Energy,363,7386,-692,21334
2016,Williams,364,7360,-571,49020
2016,Dick’s Sporting Goods,365,7271,330,3559
2016,Live Nation Entertainment,366,7246,-33,6156
2016,Mutual of Omaha Insurance,367,7236,333,35629
2016,W.R. Berkley,368,7207,504,21731
2016,LKQ,369,7193,423,5648
2016,Avon Products,370,7173,-1149,3880
2016,Darden Restaurants,371,7164,710,5995
2016,Kindred Healthcare,372,7098,-93,6519
2016,Weyerhaeuser,373,7082,506,12486
2016,Casey’s General Stores,374,7052,181,2470
2016,Sealed Air,375,7032,335,7426
2016,Fifth Third Bancorp,376,7031,1712,141082
2016,Dover,377,7029,870,8620
2016,Huntington Ingalls Industries,378,7020,404,6024
2016,Netflix,379,6780,123,10203
2016,Dillard’s,380,6755,269,3866
2016,EMCOR Group,381,6723,172,3547
2016,Jones Financial,382,6694,838,16356
2016,AK Steel Holding,383,6693,-509,4084
2016,UGI,384,6691,281,10547
2016,Expedia,385,6672,765,15504
2016,salesforce.com,386,6667,-47,12771
2016,Targa Resources,387,6659,58,13254
2016,Apache,388,6654,-23119,18842
2016,Spirit AeroSystems Holdings,389,6644,789,5778
2016,Expeditors International of Washington,390,6617,457,2582
2016,Anixter International,391,6596,128,4142
2016,Fidelity National Information Services,392,6595,632,26269
2016,Asbury Automotive Group,393,6588,169,2306
2016,Hess,394,6575,-3056,34195
2016,Ryder System,395,6572,305,10968
2016,Terex,396,6543,146,5637
2016,Coca-Cola European Partners,397,6540,596,7611
2016,Auto-Owners Insurance,398,6517,815,20108
2016,Cablevision Systems,399,6510,175,6867
2016,Symantec,400,6508,878,13233
2016,Charles Schwab,401,6501,1447,183718
2016,Calpine,402,6472,235,18833
2016,CMS Energy,403,6456,523,20340
2016,Alliance Data Systems,404,6440,597,22422
2016,JetBlue Airways,405,6416,677,8660
2016,Discovery Communications,406,6394,1034,15864
2016,Trinity Industries,407,6393,797,8886
2016,Sanmina,408,6375,377,3493
2016,NCR,409,6373,-178,7635
2016,FMC Technologies,410,6363,393,6438
2016,Erie Insurance Group,411,6351,175,18272
2016,Rockwell Automation,412,6308,828,6405
2016,Dr Pepper Snapple Group,413,6282,764,8869
2016,iHeartMedia,414,6242,-755,13821
2016,Tractor Supply,415,6227,410,2371
2016,J.B. Hunt Transport Services,416,6188,427,3637
2016,Commercial Metals,417,6162,142,3372
2016,Owens-Illinois,418,6156,-74,9421
2016,Harman International Industries,419,6155,343,5930
2016,Baxalta,420,6149,956,12329
2016,American Financial Group,421,6145,352,49859
2016,NetApp,422,6123,560,9401
2016,Graybar Electric,423,6110,91,2050
2016,Oshkosh,424,6098,230,4613
2016,Ameren,425,6098,630,23640
2016,A-Mark Precious Metals,426,6070,7,326
2016,Barnes & Noble,427,6070,37,3230
2016,Dana Holding,428,6060,159,4326
2016,Constellation Brands,429,6028,839,15145
2016,LifePoint Health,430,6014,182,5997
2016,Zimmer Biomet Holdings,431,5998,147,27220
2016,Harley-Davidson,432,5995,752,9991
2016,PulteGroup,433,5982,494,8967
2016,Newell Brands,434,5972,350,7278
2016,Avery Dennison,435,5967,274,4134
2016,Jones Lang LaSalle,436,5966,439,6205
2016,WEC Energy Group,437,5926,640,29355
2016,Marathon Oil,438,5861,-2204,32311
2016,TravelCenters of America,439,5851,28,1635
2016,United Rentals,440,5817,585,12083
2016,HRG Group,441,5816,-557,32334
2016,Old Republic International,442,5766,422,17111
2016,Windstream Holdings,443,5765,27,12518
2016,Starwood Hotels & Resorts,444,5763,489,8268
2016,Delek US Holdings,445,5762,19,3325
2016,Packaging Corp. of America,446,5742,437,5285
2016,Quintiles IMS Holdings,447,5738,387,3926
2016,Hanesbrands,448,5732,429,5619
2016,Realogy Holdings,449,5706,184,7531
2016,Mattel,450,5703,369,6553
2016,Motorola Solutions,451,5695,610,8387
2016,J.M. Smucker,452,5693,345,16883
2016,Regions Financial,453,5674,1062,126050
2016,Celanese,453,5674,304,8586
2016,Clorox,455,5666,580,4164
2016,Ingredion,456,5621,402,5074
2016,Genesis Healthcare,457,5619,-426,6092
2016,Peabody Energy,458,5609,-1996,11021
2016,Alaska Air Group,459,5598,848,6533
2016,Seaboard,460,5594,171,4431
2016,Frontier Communications,461,5576,-196,27084
2016,Amphenol,462,5569,764,7458
2016,Lansing Trade Group,463,5565,35,1008
2016,SanDisk,464,5565,389,9231
2016,St. Jude Medical,465,5541,880,13064
2016,Wyndham Worldwide,466,5536,612,9716
2016,Kelly Services,467,5518,54,1940
2016,Western Union,468,5484,838,9459
2016,Envision Healthcare Holdings,469,5448,145,6388
2016,Visteon,470,5444,2284,4682
2016,Arthur J. Gallagher,471,5392,357,10914
2016,Host Hotels & Resorts,472,5387,558,11784
2016,Ashland,472,5387,309,10064
2016,Insight Enterprises,474,5373,76,2014
2016,Energy Future Holdings,475,5370,-5342,23330
2016,Markel,476,5370,583,24941
2016,Essendant,477,5363,-44,2263
2016,CH2M Hill,478,5362,80,2861
2016,Western & Southern Financial Group,479,5356,457,41952
2016,Owens Corning,480,5350,330,7380
2016,S&P Global,481,5313,1156,8183
2016,Raymond James Financial,482,5308,502,26480
2016,NiSource,483,5308,287,17493
2016,Airgas,484,5305,368,5974
2016,ABM Industries,485,5291,76,2150
2016,Citizens Financial Group,486,5276,840,138208
2016,Booz Allen Hamilton Holding,487,5275,233,2878
2016,Simon Property Group,488,5266,1828,30651
2016,Domtar,489,5264,142,5663
2016,Rockwell Collins,490,5262,686,7389
2016,Lam Research,491,5259,656,9365
2016,Fiserv,492,5254,712,9340
2016,Spectra Energy,493,5234,196,32923
2016,Navient,494,5197,997,134112
2016,Big Lots,495,5191,143,1640
2016,Telephone & Data Systems,496,5176,219,9423
2016,First American Financial,497,5176,288,8254
2016,NVR,498,5170,383,2515
2016,Cincinnati Financial,499,5142,634,18888
2016,Burlington Stores,500,5130,151,2580
2017,Walmart,1,485873,13643,198825
2017,Berkshire Hathaway,2,223604,24074,620854
2017,Apple,3,215639,45687,321686
2017,Exxon Mobil,4,205004,7840,330314
2017,McKesson,5,192487,2258,56563
2017,UnitedHealth Group,6,184840,7017,122810
2017,CVS Health,7,177526,5317,94462
2017,General Motors,8,166380,9427,221690
2017,AT&T,9,163786,12976,403821
2017,Ford Motor,10,151800,4596,237951
2017,AmerisourceBergen,11,146850,1427.9,33656
2017,Amazon.com,12,135987,2371,83402
2017,General Electric,13,126661,8831,365183
2017,Verizon Communications,14,125980,13127,244180
2017,Cardinal Health,15,121546,1427,34122
2017,Costco,16,118719,2350,33163
2017,Walgreens Boots Alliance,17,117351,4173,72688
2017,Kroger,18,115337,1975,36505
2017,Chevron,19,107567,-497,260078
2017,Fannie Mae,20,107162,12313,3287968
2017,J.P. Morgan Chase,21,105486,24733,2490972
2017,Express Scripts Holding,22,100288,3404.4,51745
2017,Home Depot,23,94595,7957,42966
2017,Boeing,24,94571,4895,89997
2017,Wells Fargo,25,94176,21938,1930115
2017,Bank of America Corp.,26,93662,17906,2187702
2017,Alphabet,27,90272,19478,167497
2017,Microsoft,28,85320,16798,193694
2017,Anthem,29,84863,2469.8,65083
2017,Citigroup,30,82386,14912,1792077
2017,Comcast,31,80403,8695,180500
2017,IBM,32,79919,11872,117470
2017,State Farm Insurance Cos.,33,76132,350.3,256030
2017,Phillips 66,34,72396,1555,51653
2017,Johnson & Johnson,35,71890,16540,141208
2017,Procter & Gamble,36,71726,10508,127136
2017,Valero Energy,37,70166,2289,46173
2017,Target,38,69495,2737,37431
2017,Freddie Mac,39,65665,7815,2023376
2017,Lowe’s,40,65017,3093,34408
2017,Dell Technologies,41,64806,-1672,118206
2017,MetLife,42,63476,800,898764
2017,Aetna,43,63155,2271,69146
2017,PepsiCo,44,62799,6329,74129
2017,Archer Daniels Midland,45,62346,1279,39769
2017,UPS,46,60906,3431,40377
2017,Intel,47,59387,10316,113327
2017,Prudential Financial,48,58779,4368,783962
2017,Albertsons Cos.,49,58734,-502.2,23770
2017,United Technologies,50,57244,5055,89706
2017,Marathon Petroleum,51,55858,1174,44413
2017,Disney,52,55632,9391,92033
2017,Humana,53,54379,614,25396
2017,Pfizer,54,52824,7215,171615
2017,AIG,55,52367,-849,498264
2017,Lockheed Martin,56,50658,5302,47806
2017,Sysco,57,50367,949.6,16722
2017,FedEx,58,50365,1820,46064
2017,Hewlett Packard Enterprise,59,50123,3161,79679
2017,Cisco Systems,60,49247,10739,121652
2017,HP,61,48238,2496,29010
2017,Dow Chemical,62,48158,4318,79511
2017,HCA Holdings,63,44747,2890,33758
2017,Coca-Cola,64,41863,6527,87270
2017,New York Life Insurance,65,40787,1088.1,287196
2017,Centene,66,40721,562,20197
2017,American Airlines Group,67,40180,2676,51274
2017,Nationwide,68,40074,334.3,197790
2017,Merck,69,39807,3920,95377
2017,Cigna,70,39668,1867,59360
2017,Delta Air Lines,71,39639,4373,51261
2017,Best Buy,72,39403,1228,13856
2017,Honeywell International,73,39302,4809,54146
2017,Caterpillar,74,38537,-67,74704
2017,Liberty Mutual Insurance Group,75,38308,1006,125592
2017,Morgan Stanley,76,37949,5979,814949
2017,Massachusetts Mutual Life Insurance,77,37788,1273.5,271040
2017,Goldman Sachs Group,78,37712,7398,860165
2017,Energy Transfer Equity,79,37504,995,79011
2017,TIAA,80,37105,1492.3,523194
2017,Oracle,81,37047,8901,112180
2017,Tyson Foods,82,36881,1768,22373
2017,United Continental Holdings,83,36556,2263,40140
2017,Allstate,84,36534,1877,108610
2017,Publix Super Markets,85,34274,2025.7,17464
2017,American Express,86,33823,5408,158893
2017,TJX,87,33184,2298.2,12884
2017,Nike,88,32376,3760,21396
2017,Exelon,89,31360,1134,114904
2017,General Dynamics,90,31353,2955,32872
2017,Rite Aid,91,30737,165.5,11277
2017,Gilead Sciences,92,30390,13501,56977
2017,CHS,93,30347,424.2,17318
2017,3M,94,30109,5050,32906
2017,Time Warner,95,29318,3926,65966
2017,Charter Communications,96,29003,3522,149067
2017,Northwestern Mutual,97,28799,818,250441
2017,Facebook,98,27638,10217,64961
2017,Travelers Cos.,99,27625,3014,100245
2017,Capital One Financial,100,27519,3751,357033
2017,Twenty-First Century Fox,101,27326,2755,48365
2017,USAA,102,27131,1779.1,147290
2017,World Fuel Services,103,27016,126.5,5413
2017,Philip Morris International,104,26685,6967,36851
2017,Deere,105,26644,1523.9,57981
2017,Kraft Heinz,106,26487,3632,120480
2017,Tech Data,107,26235,195.1,7932
2017,Avnet,108,26219,506.5,11240
2017,Mondelez International,109,25923,1659,61538
2017,Macy’s,110,25778,619,19851
2017,AbbVie,111,25638,5953,66099
2017,McDonald’s,112,24622,4686.5,31024
2017,DuPont,113,24594,2513,39964
2017,Northrop Grumman,114,24508,2200,25614
2017,ConocoPhillips,115,24360,-3615,89772
2017,Raytheon,116,24069,2211,30052
2017,Andeavor,117,24005,734,20398
2017,Arrow Electronics,118,23825,522.8,14206
2017,Qualcomm,119,23554,5705,52359
2017,Progressive,120,23441,1031,33428
2017,Duke Energy,121,23369,2152,132761
2017,Enterprise Products Partners,122,23022,2513.1,52194
2017,Amgen,123,22991,7722,77626
2017,US Foods Holding,124,22919,209.8,8945
2017,U.S. Bancorp,125,22744,5888,445964
2017,Aflac,126,22559,2659,129819
2017,Sears Holdings,127,22138,-2221,9362
2017,Dollar General,128,21987,1251.1,11672
2017,AutoNation,129,21609,430.5,10060
2017,Community Health Systems,130,21374,-1721,21944
2017,Starbucks,131,21316,2817.7,14330
2017,Eli Lilly,132,21222,2737.6,38806
2017,International Paper,133,21079,904,33345
2017,Tenet Healthcare,134,21070,-192,24701
2017,Abbott Laboratories,135,20853,1400,52666
2017,Dollar Tree,136,20719,896.2,15702
2017,Whirlpool,137,20718,888,19153
2017,Southwest Airlines,138,20425,2244,23286
2017,Emerson Electric,139,20268,1635,21743
2017,Staples,140,20217,-1497,8271
2017,Plains GP Holdings,141,20182,94,26103
2017,Penske Automotive Group,142,20143,342.9,8861
2017,Union Pacific,143,19941,4233,55718
2017,Danaher,144,19912,2553.7,45295
2017,Southern,145,19896,2448,109697
2017,ManpowerGroup,146,19654,443.7,7574
2017,Bristol-Myers Squibb,147,19427,4457,33707
2017,Altria Group,148,19337,14239,45932
2017,Fluor,149,19037,281.4,9216
2017,Kohl’s,150,18686,556,13574
2017,Lear,151,18558,975.1,9901
2017,Jabil,152,18353,254.1,10323
2017,Hartford Financial Services Group,153,18300,896,223432
2017,Thermo Fisher Scientific,154,18274,2021.8,45908
2017,Kimberly-Clark,155,18202,2166,14602
2017,Molina Healthcare,156,17782,52,7449
2017,PG&E Corp.,157,17666,1393,68598
2017,Supervalu,158,17529,178,4370
2017,Cummins,159,17509,1394,15011
2017,CenturyLink,160,17470,626,47017
2017,AECOM,161,17411,96.1,13727
2017,Xerox,162,17126,-477,18145
2017,Marriott International,163,17072,780,24140
2017,Paccar,164,17033,521.7,20639
2017,General Mills,165,16563,1697.4,21712
2017,PNC Financial Services Group,166,16423,3903,366380
2017,American Electric Power,167,16380,610.9,63468
2017,Icahn Enterprises,168,16348,-1128,33335
2017,Nucor,169,16208,796.3,15224
2017,NextEra Energy,170,16155,2912,89993
2017,Performance Food Group,171,16105,68.3,3455
2017,PBF Energy,172,15920,170.8,7622
2017,Halliburton,173,15887,-5763,27000
2017,CarMax,174,15833,623.4,14482
2017,Freeport-McMoRan,175,15789,-4154,37317
2017,Whole Foods Market,176,15724,507,6341
2017,Bank of New York Mellon,177,15683,3547,333469
2017,Gap,178,15516,676,7610
2017,Omnicom Group,179,15417,1148.6,23165
2017,Genuine Parts,180,15340,687.2,8859
2017,DaVita,181,15197,879.9,18741
2017,Colgate-Palmolive,182,15195,2441,12123
2017,PPG Industries,183,15178,877,15769
2017,Goodyear Tire & Rubber,184,15158,1264,16511
2017,Synchrony Financial,185,15122,2251,90207
2017,DISH Network,186,15095,1449.9,28092
2017,Visa,187,15082,5991,64035
2017,Nordstrom,188,14757,354,7858
2017,INTL FCStone,189,14755,54.7,5951
2017,WestRock,190,14706,-396.3,23038
2017,XPO Logistics,191,14619,69,11698
2017,Aramark,192,14416,287.8,10582
2017,CBS,193,14386,1261,24238
2017,AES,194,14287,-1130,36119
2017,WellCare Health Plans,195,14237,242.1,6153
2017,FirstEnergy,196,14156,-6177,43148
2017,Conagra Brands,197,14134,-677,13391
2017,Synnex,198,14062,234.9,5223
2017,CDW,199,13982,424.4,6948
2017,Textron,200,13788,962,15358
2017,Waste Management,201,13609,1182,20859
2017,Illinois Tool Works,202,13599,2035,15201
2017,Office Depot,203,13585,529,5540
2017,Monsanto,204,13502,1336,19736
2017,Cognizant Technology Solutions,205,13487,1553,14262
2017,Texas Instruments,206,13370,3595,16431
2017,Lincoln National,207,13330,1192,261627
2017,Newell Brands,208,13264,527.8,33838
2017,Land O’Lakes,209,13233,244.9,8305
2017,Marsh & McLennan,210,13211,1768,18190
2017,Ecolab,211,13153,1229.6,18330
2017,C.H. Robinson Worldwide,212,13144,513.4,3688
2017,Loews,213,13105,654,76594
2017,CBRE Group,214,13072,572,10780
2017,Kinder Morgan,215,13058,708,80305
2017,Kellogg,216,13014,694,15111
2017,Western Digital,217,12994,242,32862
2017,Guardian Life Ins. Co. of America,218,12919,263.9,70339
2017,Ross Stores,219,12867,1117.7,5309
2017,L Brands,220,12574,1158.1,8170
2017,J.C. Penney,221,12547,1,9314
2017,Farmers Insurance Exchange,222,12513,-147.9,16057
2017,Reynolds American,223,12503,6073,51095
2017,Viacom,224,12488,1438,22508
2017,Becton Dickinson,225,12483,976,25586
2017,Micron Technology,226,12399,-276,27540
2017,Principal Financial,227,12394,1316.5,228014
2017,Arconic,228,12394,-941,20038
2017,NRG Energy,229,12351,-774,30355
2017,VF,230,12207,1074.1,9739
2017,Devon Energy,231,12197,-3302,25913
2017,D.R. Horton,232,12157,886.3,11559
2017,Bed Bath & Beyond,233,12104,841.5,6499
2017,Consolidated Edison,234,12075,1245,48255
2017,Edison International,235,11869,1311,51319
2017,Sherwin-Williams,236,11856,1132.7,6753
2017,NGL Energy Partners,237,11742,-198.9,5560
2017,Dominion Energy,238,11737,2123,71610
2017,Ameriprise Financial,239,11735,1314,139821
2017,ADP,240,11668,1492.5,43670
2017,Hilton Worldwide Holdings,241,11663,348,26211
2017,First Data,242,11584,420,40292
2017,Henry Schein,243,11572,506.8,6730
2017,Toys “R” Us,244,11540,-36,6908
2017,BB&T Corp.,245,11538,2426,219276
2017,Reinsurance Group of America,246,11522,701.4,53098
2017,Core-Mark Holding,247,11507,54.2,1497
2017,Biogen,248,11449,3702.8,22877
2017,Las Vegas Sands,249,11410,1670,20469
2017,Stanley Black & Decker,250,11407,965.3,15635
2017,Parker-Hannifin,251,11361,806.8,12057
2017,Stryker,252,11325,1647,20435
2017,Estee Lauder,253,11262,1114.6,9223
2017,Celgene,254,11229,1999.2,28086
2017,BlackRock,255,11155,3172,220177
2017,Xcel Energy,256,11107,1123.4,41155
2017,CSX,257,11069,1714,35414
2017,Unum Group,258,11047,931.4,61942
2017,Jacobs Engineering Group,259,10964,210.5,7360
2017,Lennar,260,10950,911.8,15362
2017,Group 1 Automotive,261,10888,147.1,4462
2017,Leucadia National,262,10875,130,45071
2017,Entergy,263,10846,-583.6,45904
2017,PayPal Holdings,264,10842,1401,33103
2017,Applied Materials,265,10825,1721,14588
2017,Voya Financial,266,10782,-428,214235
2017,Mastercard,267,10776,4059,18675
2017,Priceline Group,268,10743,2135,19839
2017,Liberty Interactive,269,10647,1235,20355
2017,AutoZone,270,10636,1241,8600
2017,State Street Corp.,271,10635,2143,242698
2017,DTE Energy,272,10630,868,32041
2017,L3 Technologies,273,10597,710,11865
2017,HollyFrontier,274,10536,-260.5,9436
2017,Praxair,275,10534,1500,19332
2017,Universal Health Services,276,10508,702.4,10318
2017,Discover Financial Services,277,10497,2393,92308
2017,Occidental Petroleum,278,10398,-574,43109
2017,United States Steel,279,10261,-440,9160
2017,Sempra Energy,280,10183,1370,47786
2017,Baxter International,281,10163,4965,15546
2017,W.W. Grainger,282,10137,605.9,5694
2017,Autoliv,283,10074,567.1,8234
2017,Norfolk Southern,284,9888,1668,34892
2017,Baker Hughes,285,9841,-2738,19034
2017,Ally Financial,286,9835,1067,163728
2017,Sonic Automotive,287,9732,93.2,3639
2017,Owens & Minor,288,9723,108.8,2718
2017,Huntsman,289,9657,326,9189
2017,Laboratory Corp. of America,290,9642,732.1,14247
2017,Murphy USA,291,9633,221.5,2089
2017,Advance Auto Parts,292,9568,459.6,8315
2017,Fidelity National Financial,293,9554,650,14463
2017,Air Products & Chemicals,294,9524,631.1,18055
2017,Hormel Foods,295,9523,890.1,6370
2017,Hertz Global Holdings,296,9480,-491,19155
2017,MGM Resorts International,297,9455,1101.4,28173
2017,Corning,298,9390,3695,27899
2017,Republic Services,299,9388,612.6,20630
2017,Alcoa,300,9318,-400,16741
2017,Fidelity National Information Services,301,9241,568,26031
2017,Pacific Life,302,9169,824,143298
2017,SunTrust Banks,303,9161,1878,204875
2017,LKQ,304,9082,464,8303
2017,BorgWarner,305,9071,118.5,8835
2017,Ball,306,9061,263,16173
2017,CST Brands,306,9061,324,4360
2017,Public Service Enterprise Group,306,9061,887,40070
2017,Eastman Chemical,309,9008,854,15457
2017,eBay,310,8979,7266,23847
2017,Mohawk Industries,311,8959,930.4,10231
2017,Oneok,312,8921,352,16139
2017,Frontier Communications,313,8896,-373,29013
2017,Netflix,314,8831,186.7,13587
2017,American Family Insurance Group,315,8829,325.6,22662
2017,Thrivent Financial for Lutherans,316,8777,587.8,88561
2017,Expedia,317,8774,281.8,15778
2017,Lithia Motors,318,8678,197.1,3844
2017,Avis Budget Group,319,8659,163,17643
2017,Reliance Steel & Aluminum,320,8613,304.3,7411
2017,GameStop,321,8608,353.2,4976
2017,Tenneco,322,8599,363,4342
2017,O’Reilly Automotive,323,8593,1037.7,7204
2017,Peter Kiewit Sons’,324,8573,396,6179
2017,United Natural Foods,325,8470,125.8,2852
2017,salesforce.com,326,8392,179.6,17585
2017,Boston Scientific,327,8386,347,18096
2017,Newmont Mining,328,8379,-627,21031
2017,Genworth Financial,329,8369,-277,104658
2017,Live Nation Entertainment,330,8355,2.9,6764
2017,Veritiv,331,8327,21,2484
2017,News Corp.,332,8319,179,15483
2017,Crown Holdings,333,8284,496,9599
2017,Global Partners,334,8240,-199.4,2564
2017,PVH,335,8203,549,11068
2017,Level 3 Communications,336,8172,677,24888
2017,Navistar International,337,8111,-97,5653
2017,Univar,338,8074,-68.4,5390
2017,Campbell Soup,339,7961,563,7837
2017,Dick’s Sporting Goods,340,7922,287.4,4058
2017,Weyerhaeuser,341,7902,1027,19243
2017,Mutual of Omaha Insurance,342,7899,356.6,38465
2017,Chesapeake Energy,343,7872,-4401,13028
2017,Anadarko Petroleum,344,7869,-3071,45564
2017,Interpublic Group,345,7847,608.5,12485
2017,J.M. Smucker,346,7811,688.7,15984
2017,Steel Dynamics,347,7777,382.1,6424
2017,Foot Locker,348,7766,664,3840
2017,Western Refining,349,7743,124.9,5560
2017,SpartanNash,350,7735,56.8,1930
2017,Dean Foods,351,7710,119.9,2606
2017,Zimmer Biomet Holdings,352,7684,305.9,26684
2017,PulteGroup,353,7669,602.7,10178
2017,W.R. Berkley,354,7654,601.9,23365
2017,Quanta Services,355,7651,198.4,5354
2017,EOG Resources,356,7651,-1096.7,29459
2017,Charles Schwab,357,7644,1889,223383
2017,Eversource Energy,358,7639,942.3,32053
2017,Anixter International,359,7625,120.5,4094
2017,EMCOR Group,360,7552,181.9,3894
2017,Assurant,361,7532,565.4,29709
2017,CenterPoint Energy,362,7528,432,21829
2017,Harris,363,7527,324,11996
2017,HD Supply Holdings,364,7524,196,5707
2017,PPL,365,7517,1902,38315
2017,Quest Diagnostics,366,7515,645,10100
2017,Williams,367,7499,-424,46835
2017,WEC Energy Group,368,7472,939,30123
2017,Hershey,369,7440,720,5524
2017,AGCO,370,7411,160.1,7168
2017,Ralph Lauren,371,7405,396,6213
2017,Masco,372,7357,491,5137
2017,WESCO International,373,7336,101.6,4491
2017,LifePoint Health,374,7274,121.9,6319
2017,National Oilwell Varco,375,7251,-2412,21140
2017,Kindred Healthcare,376,7227,-664.2,6113
2017,Mosaic,377,7163,297.8,16841
2017,Alliance Data Systems,378,7138,515.8,25514
2017,Computer Sciences,379,7106,251,7736
2017,Huntington Ingalls Industries,380,7068,573,6352
2017,Leidos Holdings,381,7043,244,9132
2017,Erie Insurance Group,382,7016,741.9,18417
2017,Tesla,383,7000,-674.9,22664
2017,Ascena Retail Group,384,6995,-11.9,5506
2017,Darden Restaurants,385,6934,375,4583
2017,Harman International Industries,386,6912,361.7,6054
2017,Nvidia,387,6910,1666,9841
2017,R.R. Donnelley & Sons,388,6896,-495.9,4285
2017,Fifth Third Bancorp,389,6889,1564,142177
2017,Quintiles IMS Holdings,390,6878,115,21208
2017,Jones Lang LaSalle,391,6804,318.2,7629
2017,Dover,392,6794,508.9,10116
2017,Spirit AeroSystems Holdings,393,6793,469.7,5405
2017,Ryder System,394,6787,262.5,10903
2017,A-Mark Precious Metals,395,6784,9.3,437
2017,Tractor Supply,396,6780,437.1,2675
2017,Sealed Air,397,6778,486.4,7389
2017,Auto-Owners Insurance,398,6775,706.3,21571
2017,Yum China Holdings,399,6752,502,3727
2017,Calpine,400,6716,92,19317
2017,Owens-Illinois,401,6702,209,9135
2017,Targa Resources,402,6691,-187.3,12871
2017,JetBlue Airways,403,6632,759,9487
2017,Jones Financial (Edward Jones),403,6632,746,19424
2017,Franklin Resources,405,6618,1726.7,16099
2017,Activision Blizzard,406,6608,966,17452
2017,J.B. Hunt Transport Services,407,6556,432.1,3829
2017,Constellation Brands,408,6548,1054.9,16965
2017,NCR,409,6543,270,7673
2017,Asbury Automotive Group,410,6528,167.2,2336
2017,American Financial Group,411,6498,649,55072
2017,Discovery Communications,412,6497,1194,15758
2017,Berry Global Group,413,6489,236,7653
2017,Sanmina,414,6481,187.8,3625
2017,CalAtlantic Group,415,6477,484.7,8709
2017,Dr Pepper Snapple Group,416,6440,847,9791
2017,Dillard’s,417,6418,169.2,3888
2017,HRG Group,418,6403,-198.8,35793
2017,CMS Energy,419,6399,551,21622
2017,Graybar Electric,420,6385,93.1,2099
2017,Builders FirstSource,421,6367,144.3,2910
2017,Yum Brands,422,6366,1619,5478
2017,Casey’s General Stores,423,6304,226,2726
2017,Amphenol,424,6286,822.9,8499
2017,Oshkosh,425,6279,216.4,4514
2017,iHeartMedia,426,6274,-296.3,12862
2017,TreeHouse Foods,427,6175,-228.6,6546
2017,Alleghany,428,6131,456.9,23757
2017,Expeditors International of Washington,429,6098,430.8,2791
2017,Avery Dennison,430,6087,320.7,4396
2017,Ameren,431,6076,653,24699
2017,Hanesbrands,432,6063,539.4,6908
2017,Motorola Solutions,433,6038,560,8463
2017,St. Jude Medical,434,6004,734,12578
2017,Harley-Davidson,435,5997,692.2,9890
2017,Regions Financial,436,5967,1163,125968
2017,Intercontinental Exchange,437,5958,1422,82003
2017,Alaska Air Group,438,5931,814,9962
2017,Old Republic International,439,5901,466.9,18592
2017,Lam Research,440,5886,914,12272
2017,AK Steel Holding,441,5883,-7.8,4036
2017,Rockwell Automation,442,5880,729.7,7101
2017,Adobe Systems,443,5854,1168.8,12707
2017,Avon Products,444,5853,-107.6,3419
2017,Terex,445,5841,-176.1,5007
2017,NVR,446,5835,425.3,2644
2017,Dana,447,5826,640,4860
2017,Realogy Holdings,448,5810,213,7421
2017,American Tower,449,5786,956.4,30879
2017,Packaging Corp. of America,450,5779,449.6,5777
2017,Citizens Financial Group,451,5763,1045,149520
2017,United Rentals,452,5762,566,11988
2017,Clorox,453,5761,648,4518
2017,Genesis Healthcare,454,5733,-64,5779
2017,M&T Bank Corp.,455,5722,1315.1,123449
2017,Ingredion,456,5704,484.9,5782
2017,UGI,457,5686,364.7,10847
2017,Owens Corning,458,5677,393,7741
2017,S&P Global,459,5661,2106,8669
2017,Markel,460,5612,455.7,25875
2017,Wyndham Worldwide,461,5599,611,9819
2017,Arthur J. Gallagher,462,5595,414.4,11490
2017,Burlington Stores,463,5591,215.9,2575
2017,First American Financial,464,5576,343,8832
2017,Symantec,465,5568,2488,11767
2017,Patterson,466,5555,187.2,3521
2017,Olin,467,5551,-3.9,8763
2017,NetApp,468,5546,229,10037
2017,Raymond James Financial,469,5520,529.4,31594
2017,TravelCenters of America,470,5511,-2,1660
2017,Fiserv,471,5505,930,9743
2017,Host Hotels & Resorts,472,5488,762,11408
2017,Insight Enterprises,473,5486,84.7,2219
2017,Mattel,474,5457,318,6494
2017,AmTrust Financial Services,475,5451,411,22615
2017,Cincinnati Financial,476,5449,590.7,20386
2017,Simon Property Group,477,5435,1838.9,31104
2017,Western Union,478,5423,253.2,9420
2017,KeyCorp,479,5422,791,136453
2017,Delek US Holdings,480,5414,-153.7,2985
2017,Booz Allen Hamilton Holding,481,5406,294.1,3010
2017,Chemours,482,5400,7,6060
2017,Western & Southern Financial Group,483,5398,241.2,43831
2017,Celanese,484,5389,900,8357
2017,Windstream Holdings,485,5387,-383.5,11770
2017,Seaboard,486,5379,312,4755
2017,Essendant,487,5369,63.9,2164
2017,Apache,488,5354,-1405,22519
2017,Airgas,489,5314,337.5,6135
2017,Kelly Services,490,5277,120.8,2028
2017,Liberty Media,491,5276,680,31377
2017,Rockwell Collins,492,5259,728,7707
2017,Robert Half International,493,5250,343.4,1778
2017,CH2M Hill,494,5236,15,2671
2017,Big Lots,495,5200,152.8,1608
2017,Michaels Cos.,496,5197,378.2,2148
2017,Toll Brothers,497,5170,382.1,9737
2017,Yahoo,498,5169,-214.3,48083
2017,Vistra Energy,499,5164,0,15167
2017,ABM Industries,500,5145,57.2,2281
2018,Walmart,1,500343,9862,204522
2018,Exxon Mobil,2,244363,19710,348691
2018,Berkshire Hathaway,3,242137,44940,702095
2018,Apple,4,229234,48351,375319
2018,UnitedHealth Group,5,201159,10558,139058
2018,McKesson,6,198533,5070,60969
2018,CVS Health,7,184765,6622,95131
2018,Amazon.com,8,177866,3033,131310
2018,AT&T,9,160546,29450,444097
2018,General Motors,10,157311,-3864,212482
2018,Ford Motor,11,156776,7602,257808
2018,AmerisourceBergen,12,153143.8,364.5,35316.5
2018,Chevron,13,134533,9195,253806
2018,Cardinal Health,14,129976,1288,40112
2018,Costco,15,129025,2679,36347
2018,Verizon,16,126034,30101,257143
2018,Kroger,17,122662,1907,37197
2018,General Electric,18,122274,-5786,377945
2018,Walgreens Boots Alliance,19,118214,4078,66009
2018,JPMorgan Chase,20,113899,24441,2533600
2018,Fannie Mae,21,112394,2463,3345529
2018,Alphabet,22,110855,12662,197295
2018,Home Depot,23,100904,8630,44529
2018,Bank of America Corp.,24,100264,18232,2281234
2018,Express Scripts Holding,25,100064.6,4517.4,54255.8
2018,Wells Fargo,26,97741,22183,1951757
2018,Boeing,27,93392,8197,92333
2018,Phillips 66,28,91568,5106,54371
2018,Anthem,29,90039.4,3842.8,70540
2018,Microsoft,30,89950,21204,241086
2018,Valero Energy,31,88407,4065,50158
2018,Citigroup,32,87966,-6798,1842465
2018,Comcast,33,84526,22714,186949
2018,IBM,34,79139,5753,125356
2018,Dell Technologies,35,78660,-3728,122281
2018,State Farm Insurance Cos.,36,78330.8,2206.5,272345.2
2018,Johnson & Johnson,37,76450,1300,157303
2018,Freddie Mac,38,74676,5625,2049776
2018,Target,39,71879,2934,38999
2018,Lowe’s,40,68619,3447,35291
2018,Marathon Petroleum,41,67610,3432,49047
2018,Procter & Gamble,42,66217,15326,120406
2018,MetLife,43,66153,4010,719892
2018,UPS,44,65872,4910,45403
2018,PepsiCo,45,63525,4857,79804
2018,Intel,46,62761,9601,123249
2018,DowDuPont,47,62683,1460,192164
2018,Archer Daniels Midland,48,60828,1595,39963
2018,Aetna,49,60535,1904,55151
2018,FedEx,50,60319,2997,48552
2018,United Technologies,51,59837,4552,96920
2018,Prudential Financial,52,59689,7863,831921
2018,Albertsons Cos.,53,59678.2,-373.3,23755
2018,Sysco,54,55371.1,1142.5,17756.7
2018,Disney,55,55137,8980,95789
2018,Humana,56,53767,2448,27178
2018,Pfizer,57,52546,21308,171797
2018,HP,58,52056,2526,32913
2018,Lockheed Martin,59,51048,2002,46521
2018,AIG,60,49520,-6084,498301
2018,Centene,61,48572,828,21855
2018,Cisco Systems,62,48005,9609,129818
2018,HCA Healthcare,63,47653,2216,36593
2018,Energy Transfer Equity,64,47487,954,86246
2018,Caterpillar,65,45462,754,76962
2018,Nationwide,66,43939.9,246.5,221256.9
2018,Morgan Stanley,67,43642,6111,851733
2018,Liberty Mutual Insurance Group,68,42687,17,142502
2018,New York Life Insurance,69,42296,1866.9,303182.8
2018,Goldman Sachs Group,70,42254,4286,916776
2018,American Airlines Group,71,42207,1919,51396
2018,Best Buy,72,42151,1000,13049
2018,Cigna,73,41616,2237,61753
2018,Charter Communications,74,41581,9895,146623
2018,Delta Air Lines,75,41244,3577,53292
2018,Facebook,76,40653,15934,84524
2018,Honeywell International,77,40534,1655,59387
2018,Merck,78,40122,2394,87872
2018,Allstate,79,38524,3189,112422
2018,Tyson Foods,80,38260,1774,28066
2018,United Continental Holdings,81,37736,2131,42326
2018,Oracle,82,37728,9335,134991
2018,Tech Data,83,36775,116.6,12652.6
2018,TIAA,84,36025.3,1049.7,583631.7
2018,TJX,85,35864.7,2607.9,14058
2018,American Express,86,35583,2736,181159
2018,Coca-Cola,87,35410,1248,87896
2018,Publix Super Markets,88,34836.8,2291.9,18183.5
2018,Nike,89,34350,4240,23259
2018,Andeavor,90,34204,1528,28573
2018,World Fuel Services,91,33695.5,-170.2,5587.8
2018,Exelon,92,33531,3770,116700
2018,Massachusetts Mutual Life Insurance,93,33495.4,513,288854.8
2018,Rite Aid,94,32845.1,4.1,11593.8
2018,ConocoPhillips,95,32584,-855,73362
2018,CHS,96,31934.8,127.9,15973.8
2018,3M,97,31657,4858,37987
2018,Time Warner,98,31271,5247,69209
2018,General Dynamics,99,30973,2912,35046
2018,USAA,100,30015.8,2421.9,155390.5
2018,Capital One Financial,101,29999,1982,365693
2018,Deere,102,29737.7,2159.1,65786.3
2018,INTL FCStone,103,29423.6,6.4,6243.4
2018,Northwestern Mutual,104,29331,1017,265049
2018,Enterprise Products Partners,105,29241.5,2799.3,54418.1
2018,Travelers Cos.,106,28902,2056,103483
2018,Hewlett Packard Enterprise,107,28871,344,61406
2018,Philip Morris International,108,28748,6035,42968
2018,Twenty-First Century Fox,109,28500,2952,50724
2018,AbbVie,110,28216,5309,70786
2018,Abbott Laboratories,111,27390,477,76250
2018,Progressive,112,26839,1592.2,38701.2
2018,Arrow Electronics,113,26812.5,402,16462.8
2018,Kraft Heinz,114,26232,10999,120232
2018,Plains GP Holdings,115,26223,-731,26753
2018,Gilead Sciences,116,26107,4628,70283
2018,Mondelez International,117,25896,2922,63109
2018,Northrop Grumman,118,25803,2015,34917
2018,Raytheon,119,25348,2024,30860
2018,Macy’s,120,24837,1547,19381
2018,US Foods Holding,121,24147.2,444.3,9037.2
2018,U.S. Bancorp,122,23996,6218,462040
2018,Dollar General,123,23471,1539,12516.9
2018,International Paper,124,23302,2144,33903
2018,Duke Energy,125,23189,3059,137914
2018,Southern,126,23031,842,111005
2018,Marriott International,127,22894,1372,23948
2018,Avnet,128,22872.1,525.3,9699.6
2018,Eli Lilly,129,22871.3,-204.1,44981
2018,Amgen,130,22849,1979,79954
2018,McDonald’s,131,22820.4,5192.3,33803.7
2018,Starbucks,132,22386.8,2884.7,14365.6
2018,Qualcomm,133,22291,2466,65486
2018,Dollar Tree,134,22245.5,1714.3,16332.8
2018,PBF Energy,135,21786.6,415.5,8118
2018,Icahn Enterprises,136,21744,2430,31801
2018,Aflac,137,21667,4604,137217
2018,AutoNation,138,21534.6,434.6,10271.5
2018,Penske Automotive Group,139,21389,613.3,10540.6
2018,Whirlpool,140,21253,350,20038
2018,Union Pacific,141,21240,10712,57806
2018,Southwest Airlines,142,21171,3488,25110
2018,ManpowerGroup,143,21034.3,545.4,8883.6
2018,Thermo Fisher Scientific,144,20918,2225,56669
2018,Bristol-Myers Squibb,145,20776,1007,33551
2018,Halliburton,146,20620,-463,25085
2018,Tenet Healthcare,147,20613,-704,23385
2018,Lear,148,20467,1313.4,11945.9
2018,Cummins,149,20428,999,18075
2018,Micron Technology,150,20322,5089,35336
2018,Nucor,151,20252.4,1318.7,15841.3
2018,Molina Healthcare,152,19883,-512,8471
2018,Fluor,153,19521,191.4,9327.7
2018,Altria Group,154,19494,10222,43202
2018,Paccar,155,19456.4,1675.2,23440.2
2018,Hartford Financial Services,156,19228,-3131,225260
2018,Kohl’s,157,19095,859,13340
2018,Western Digital,158,19093,397,29860
2018,Jabil,159,19063.1,129.1,11096
2018,Community Health Systems,160,18477,-2459,17450
2018,Visa,161,18358,6699,67977
2018,Danaher,162,18329.7,2492.1,46648.6
2018,Kimberly-Clark,163,18259,2278,15151
2018,AECOM,164,18203.4,339.4,14397
2018,PNC Financial Services,165,18035,5338,380768
2018,CenturyLink,166,17656,1389,75611
2018,NextEra Energy,167,17195,5378,97827
2018,PG&E Corp.,168,17135,1646,68012
2018,Synnex,169,17045.7,301.2,7698.5
2018,WellCare Health Plans,170,17007.2,373.7,8364.6
2018,Performance Food Group,171,16761.8,96.3,3804.1
2018,Sears Holdings,172,16702,-383,7262
2018,Synchrony Financial,173,16695,1935,95808
2018,CarMax,174,16637.1,627,16279.4
2018,Bank of New York Mellon,175,16621,4090,371758
2018,Freeport-McMoRan,176,16416,1817,37302
2018,Genuine Parts,177,16308.8,616.8,12412.4
2018,Emerson Electric,178,16301,1518,19589
2018,DaVita,179,16038.2,663.6,18948.2
2018,Supervalu,180,16009,650,3580
2018,Gap,181,15855,848,7989
2018,General Mills,182,15619.8,1657.5,21812.6
2018,Nordstrom,183,15478,437,8115
2018,Colgate-Palmolive,184,15454,2024,12676
2018,American Electric Power,185,15424.9,1912.6,64729.1
2018,XPO Logistics,186,15380.8,340.2,12601.6
2018,Goodyear Tire & Rubber,187,15377,346,17064
2018,Omnicom Group,188,15273.6,1088.4,24931.2
2018,CDW,189,15191.5,523,6956.6
2018,Sherwin-Williams,190,14983.8,1772.3,19958.4
2018,PPG Industries,191,14967,1591,16538
2018,Texas Instruments,192,14961,3682,17642
2018,C.H. Robinson Worldwide,193,14869.4,504.9,4235.8
2018,WestRock,194,14859.7,708.2,25089
2018,Cognizant Technology Solutions,195,14810,1504,15221
2018,Newell Brands,196,14742.2,2748.8,33135.5
2018,CBS,197,14710,357,20843
2018,Envision Healthcare,198,14700.5,-228,16572.6
2018,Monsanto,199,14640,2260,21333
2018,Aramark,200,14604.4,373.9,11006.2
2018,Applied Materials,201,14537,3434,19419
2018,Waste Management,202,14485,1949,21829
2018,DISH Network,203,14391.4,2098.7,29773.8
2018,Illinois Tool Works,204,14314,1687,16780
2018,Lincoln National,205,14257,2079,281763
2018,HollyFrontier,206,14251.3,805.4,10692.2
2018,CBRE Group,207,14209.6,691.5,11483.8
2018,Textron,208,14198,307,15340
2018,Ross Stores,209,14134.7,1362.8,5722.1
2018,Principal Financial,210,14093.2,2310.4,253941.2
2018,D.R. Horton,211,14091,1038.4,12184.6
2018,Marsh & McLennan,212,14024,1492,20429
2018,Devon Energy,213,13949,898,30241
2018,AES,214,13850,-1161,33112
2018,Ecolab,215,13838.3,1508.4,19962.4
2018,Land O’Lakes,216,13740.4,314.2,9508.9
2018,Loews,217,13735,1164,79586
2018,Kinder Morgan,218,13705,183,79055
2018,FirstEnergy,219,13627,-1724,42257
2018,Occidental Petroleum,220,13274,1311,42026
2018,Viacom,221,13263,1874,23698
2018,PayPal Holdings,222,13094,1795,40774
2018,NGL Energy Partners,223,13022.2,137,6320.4
2018,Celgene,224,13003,2940,30141
2018,Arconic,225,12960,-74,18718
2018,Kellogg,226,12923,1269,16350
2018,Las Vegas Sands,227,12882,2806,20687
2018,Stanley Black & Decker,228,12747.2,1226,19079.9
2018,Booking Holdings,229,12681.1,2340.8,25451.3
2018,Lennar,230,12646.4,810.5,18745
2018,L Brands,231,12632.4,983,8149
2018,DTE Energy,232,12607,1134,33767
2018,Dominion Energy,233,12586,2999,76585
2018,Reinsurance Group of America,234,12515.8,1822.2,60514.8
2018,J.C. Penney,235,12506,-116,8413
2018,Mastercard,236,12497,3915,21329
2018,BlackRock,237,12491,4970,220217
2018,Henry Schein,238,12461.5,406.3,7811.2
2018,Guardian Life Ins. Co. of America,239,12454.5,455.3,75038.2
2018,Stryker,240,12444,1020,22197
2018,Jefferies Financial Group,241,12407.9,171.7,47169.1
2018,VF,242,12399.6,614.9,9958.5
2018,ADP,243,12379.8,1733.4,37180
2018,Edison International,244,12320,565,52580
2018,Biogen,245,12273.9,2539.1,23652.6
2018,United States Steel,246,12250,387,9862
2018,Core-Mark Holding,247,12225,33.5,1782.5
2018,Bed Bath & Beyond,248,12215.8,685.1,6846
2018,Oneok,249,12173.9,387.8,16845.9
2018,BB&T Corp.,250,12156,2394,221642
2018,Becton Dickinson,251,12093,1100,37734
2018,Ameriprise Financial,252,12075,1480,147470
2018,Farmers Insurance Exchange,253,12071.8,-65.4,16164.8
2018,First Data,254,12052,1465,48269
2018,Consolidated Edison,255,12033,1525,48111
2018,Parker-Hannifin,256,12029.3,983.4,15489.9
2018,Anadarko Petroleum,257,11908,-456,42086
2018,Estee Lauder,258,11824,1249,11568
2018,State Street Corp.,259,11774,2177,238425
2018,Tesla,260,11758.8,-1961.4,28655.4
2018,Netflix,261,11692.7,558.9,19012.7
2018,Alcoa,262,11652,217,17447
2018,Discover Financial Services,263,11545,2099,100087
2018,Praxair,264,11437,1247,20436
2018,CSX,265,11408,5471,35739
2018,Xcel Energy,266,11404,1148,43030
2018,Unum Group,267,11286.8,994.2,64013.1
2018,Universal Health Services,268,11278.9,752.3,10761.8
2018,NRG Energy,269,11275,-2153,23318
2018,EOG Resources,270,11208.3,2582.6,29833.1
2018,Sempra Energy,271,11207,256,50454
2018,Toys “R” Us,272,11146,-612,7262
2018,Group 1 Automotive,273,11123.7,213.4,4871.1
2018,Entergy,274,11074.5,411.6,46707.1
2018,Molson Coors Brewing,275,11002.8,1414.2,30246.9
2018,L3 Technologies,276,11002,677,12729
2018,Ball,277,10983,374,17169
2018,AutoZone,278,10888.7,1280.9,9259.8
2018,Murphy USA,279,10853.4,245.3,2331
2018,MGM Resorts International,280,10773.9,1960.3,29159.2
2018,Office Depot,281,10752,181,6323
2018,Huntsman,282,10592,636,10244
2018,Baxter International,283,10561,717,17111
2018,Norfolk Southern,284,10551,5404,35711
2018,salesforce.com,285,10480,127.5,21009.8
2018,Laboratory Corp. of America,286,10441.4,1268.2,16568
2018,W.W. Grainger,287,10424.9,585.7,5804.3
2018,Qurate Retail,288,10404,2441,24122
2018,Autoliv,289,10382.6,427.1,8549.9
2018,Live Nation Entertainment,290,10337.4,-6,7504.3
2018,Xerox,291,10265,195,15946
2018,Leidos Holdings,292,10170,366,8990
2018,Corning,293,10116,-497,27494
2018,Lithia Motors,294,10086.5,245.2,4683.1
2018,Expedia Group,295,10059.8,378,18515.6
2018,Republic Services,296,10041.5,1278.4,21147
2018,Jacobs Engineering Group,297,10022.8,293.7,7380.9
2018,Sonic Automotive,298,9867.2,93,3818.5
2018,Ally Financial,299,9866,929,167148
2018,LKQ,300,9848,533.7,9366.9
2018,BorgWarner,301,9799.3,439.9,9787.6
2018,Fidelity National Financial,302,9769,771,9151
2018,SunTrust Banks,303,9741,2273,205962
2018,IQVIA Holdings,304,9739,1309,22742
2018,Reliance Steel & Aluminum,305,9721,613.4,7751
2018,Nvidia,306,9714,3047,11241
2018,Voya Financial,307,9660,-2992,222532
2018,CenterPoint Energy,308,9614,1792,22736
2018,eBay,309,9567,-1016,25981
2018,Eastman Chemical,310,9549,1384,15999
2018,American Family Insurance Group,311,9545.4,155.6,24233
2018,Steel Dynamics,312,9538.8,812.7,6855.7
2018,Pacific Life,313,9510,1365,157877
2018,Chesapeake Energy,314,9496,949,12425
2018,Mohawk Industries,315,9491.3,971.6,12094.9
2018,Quanta Services,316,9466.5,315,6480.2
2018,Advance Auto Parts,317,9373.8,475.5,8482.3
2018,Owens & Minor,318,9318.3,72.8,3376.3
2018,United Natural Foods,319,9274.5,130.2,2886.6
2018,Tenneco,320,9274,207,4842
2018,Conagra Brands,321,9234.8,639.3,10096.3
2018,GameStop,322,9224.6,34.7,5041.6
2018,Hormel Foods,323,9167.5,846.7,6975.9
2018,Hilton Worldwide Holdings,324,9140,1259,14308
2018,Frontier Communications,325,9128,-1804,24884
2018,Fidelity National Information Services,326,9123,1319,24517
2018,Public Service Enterprise Group,327,9084,1574,42716
2018,Boston Scientific,328,9048,104,19042
2018,O’Reilly Automotive,329,8977.7,1133.8,7571.9
2018,Charles Schwab,330,8960,2354,243274
2018,Global Partners,331,8920.6,58.8,2320.2
2018,PVH,332,8914.8,537.8,11885.7
2018,Avis Budget Group,333,8848,361,17699
2018,Targa Resources,334,8814.9,54,14388.6
2018,Hertz Global Holdings,335,8803,327,20058
2018,Calpine,336,8752,-339,16453
2018,Mutual of Omaha Insurance,337,8731.9,862.6,42429.3
2018,Crown Holdings,338,8698,323,10663
2018,Peter Kiewit Sons’,339,8678,371,5710
2018,Dick’s Sporting Goods,340,8590.5,323.4,4203.9
2018,PulteGroup,341,8573.3,447.2,9686.6
2018,Navistar International,342,8570,30,6135
2018,Thrivent Financial for Lutherans,343,8527.9,558.4,95001.3
2018,DCP Midstream,344,8462,229,13878
2018,Air Products & Chemicals,345,8442.4,3000.4,18467.2
2018,Veritiv,346,8364.7,-13.3,2708.4
2018,AGCO,347,8306.5,186.4,7971.7
2018,Genworth Financial,348,8295,817,105297
2018,Univar,349,8253.7,119.8,5732.7
2018,News Corp.,350,8139,-738,14552
2018,SpartanNash,351,8128.1,-52.8,2055.8
2018,Westlake Chemical,352,8041,1304,12076
2018,Williams,353,8031,2174,46352
2018,Lam Research,354,8013.6,1697.8,12122.8
2018,Alaska Air Group,355,7933,1034,10740
2018,Jones Lang LaSalle,356,7932.4,254.2,8014.5
2018,Anixter International,357,7927.4,109,4252.2
2018,Campbell Soup,358,7890,887,7726
2018,Interpublic Group,359,7882.4,579,12695.2
2018,Dover,360,7830.4,811.7,10657.7
2018,Zimmer Biomet Holdings,361,7824.1,1813.8,25964.5
2018,Dean Foods,362,7795,61.6,2503.8
2018,Foot Locker,363,7782,284,3961
2018,Eversource Energy,364,7752,988,36220.4
2018,Alliance Data Systems,365,7719.4,788.7,30684.8
2018,Fifth Third Bancorp,366,7713,2194,142193
2018,Quest Diagnostics,367,7709,772,10503
2018,EMCOR Group,368,7687.9,227.2,3965.9
2018,W.R. Berkley,369,7684.8,549.1,24299.9
2018,WESCO International,370,7679,163.5,4735.5
2018,Coty,371,7650.3,-422.2,22548.2
2018,WEC Energy Group,372,7648.5,1203.7,31590.5
2018,Masco,373,7644,533,5488
2018,DXC Technology,374,7607,-123,8663
2018,Auto-Owners Insurance,375,7603.7,645.7,23694.1
2018,Jones Financial (Edward Jones),376,7597,872,17176
2018,Liberty Media,377,7594,1354,41996
2018,Erie Insurance Group,378,7535.1,857.5,20669.2
2018,Hershey,379,7515.4,783,5553.7
2018,PPL,380,7447,1128,41479
2018,Huntington Ingalls Industries,381,7441,479,6374
2018,Mosaic,382,7409.4,-107.2,18633.4
2018,J.M. Smucker,383,7392.3,592.3,15639.7
2018,Delek US Holdings,384,7349.5,288.8,5935.2
2018,Newmont Mining,385,7348,-98,20563
2018,Constellation Brands,386,7331.5,1535.1,18602.4
2018,Ryder System,387,7329.6,790.6,11452.2
2018,National Oilwell Varco,388,7304,-237,20206
2018,Adobe Systems,389,7301.5,1694,14535.6
2018,LifePoint Health,390,7263.1,102.4,6286.4
2018,Tractor Supply,391,7256.4,422.6,2868.8
2018,Thor Industries,392,7247,374.3,2557.9
2018,Dana,393,7209,111,5644
2018,Weyerhaeuser,394,7196,582,18059
2018,J.B. Hunt Transport Services,395,7189.6,686.3,4465.3
2018,Darden Restaurants,396,7170.2,479.1,5504.2
2018,Yum China Holdings,397,7144,403,4263
2018,Blackstone Group,398,7119.1,1470.8,34428.9
2018,Berry Global Group,399,7095,340,8476
2018,Builders FirstSource,400,7034.2,38.8,3006.1
2018,Activision Blizzard,401,7017,273,18668
2018,JetBlue Airways,402,7015,1147,9781
2018,Amphenol,403,7011.3,650.5,10003.9
2018,A-Mark Precious Metals,404,6989.6,7.1,478.5
2018,Spirit AeroSystems Holdings,405,6983,354.9,5267.8
2018,R.R. Donnelley & Sons,406,6939.6,-34.4,3904.5
2018,Harris,407,6939,553,10090
2018,Expeditors Intl. of Washington,408,6920.9,489.3,3117
2018,Discovery,409,6873,-337,22555
2018,Owens-Illinois,410,6869,180,9756
2018,Sanmina,411,6868.6,138.8,3847.4
2018,KeyCorp,412,6868,1296,137698
2018,American Financial Group,413,6865,475,60658
2018,Oshkosh,414,6829.6,285.6,5098.9
2018,Rockwell Collins,415,6822,705,17997
2018,Kindred Healthcare,416,6767.6,-698.4,5232.7
2018,Insight Enterprises,417,6703.6,90.7,2685.7
2018,Dr Pepper Snapple Group,418,6690,1076,10022
2018,American Tower,419,6663.9,1238.9,33214.3
2018,Fortive,420,6656,1044.5,10500.6
2018,Ralph Lauren,421,6652.8,-99.3,5652
2018,Spectrum Brands Holdings,422,6650,106,35849.7
2018,Ascena Retail Group,423,6649.8,-1067.3,3871.5
2018,United Rentals,424,6641,1346,15030
2018,Casey’s General Stores,425,6640.6,177.5,3020.1
2018,Graybar Electric,426,6631.2,71.6,2261.4
2018,Avery Dennison,427,6613.8,281.8,5136.9
2018,MasTec,428,6607,347.2,4066.6
2018,CMS Energy,429,6583,460,23050
2018,HD Supply Holdings,430,6534,970,4318
2018,Raymond James Financial,431,6524.9,636.2,34883.5
2018,NCR,432,6516,232,7654
2018,Hanesbrands,433,6478.3,61.9,6894.8
2018,Asbury Automotive Group,434,6456.5,139.1,2356.7
2018,Citizens Financial Group,435,6454,1652,152336
2018,Packaging Corp. of America,436,6444.9,668.6,6197.5
2018,Alleghany,437,6424.7,90.1,25384.3
2018,Apache,438,6423,1304,21922
2018,Dillard’s,439,6422.7,221.3,3673.2
2018,Assurant,440,6415,519.6,31843
2018,Franklin Resources,441,6392.2,1696.7,17534
2018,Owens Corning,442,6384,289,8632
2018,Motorola Solutions,443,6380,-155,8208
2018,NVR,444,6322.3,537.5,2989.3
2018,Rockwell Automation,445,6311.3,825.7,7161.7
2018,TreeHouse Foods,446,6307.1,-286.2,5779.3
2018,Wynn Resorts,447,6306.4,747.2,12681.7
2018,Olin,448,6268.4,549.5,9218.3
2018,American Axle & Manufacturing,449,6266,337.1,7882.8
2018,Old Republic International,450,6263.1,560.5,19403.5
2018,Chemours,451,6183,746,7293
2018,iHeartMedia,452,6178.2,-704.4,12257.3
2018,Ameren,453,6177,523,25945
2018,Arthur J. Gallagher,454,6159.6,463.1,12897.4
2018,Celanese,455,6140,843,9538
2018,Sealed Air,456,6130.6,814.9,5280.3
2018,UGI,457,6120.7,436.6,11582.2
2018,Realogy Holdings,458,6114,431,7337
2018,Burlington Stores,459,6110,384.9,2812.8
2018,Regions Financial,460,6093,1263,124294
2018,AK Steel Holding,461,6080.5,6.2,4296.1
2018,Securian Financial Group,462,6066.5,418.9,51232.4
2018,S&P Global,463,6063,1496,9425
2018,Markel,464,6061.7,395.3,32805
2018,TravelCenters of America,465,6051.6,9.3,1617.9
2018,Conduent,466,6022,181,7548
2018,M&T Bank Corp.,467,6018.9,1408.3,118593.5
2018,Clorox,468,5973,701,4573
2018,AmTrust Financial Services,469,5958.9,-348.9,25218.6
2018,KKR,470,5930,1018.3,45834.7
2018,Ulta Beauty,471,5884.5,555.2,2908.7
2018,Yum Brands,472,5878,1340,5311
2018,Regeneron Pharmaceuticals,473,5872.2,1198.5,8764.3
2018,Windstream Holdings,474,5852.9,-2116.6,11084.3
2018,Magellan Health,475,5838.6,110.2,2957.2
2018,Western & Southern Financial,476,5836.3,310.4,46395.1
2018,Intercontinental Exchange,477,5834,2514,78264
2018,Ingredion,478,5832,519,6080
2018,Wyndham Destinations,479,5821,871,10403
2018,Toll Brothers,480,5815.1,535.5,9445.2
2018,Seaboard,481,5809,247,5161
2018,Booz Allen Hamilton,482,5804.3,252.5,3373.1
2018,First American Financial,483,5772.4,423,9573.2
2018,Cincinnati Financial,484,5732.4,1045,21843.1
2018,Avon Products,485,5715.6,22,3697.9
2018,Northern Trust,486,5715.5,1199,138590.5
2018,Fiserv,487,5696,1246,10289
2018,Harley-Davidson,488,5647.2,521.8,9972.7
2018,Cheniere Energy,489,5601,-393,27906
2018,Patterson,490,5593.1,170.9,3507.9
2018,Peabody Energy,491,5578.8,0,8181.2
2018,ON Semiconductor,492,5543.1,810.7,7195.1
2018,Simon Property Group,493,5538.6,1948,32257.6
2018,Western Union,494,5524.3,-557.1,9231.4
2018,NetApp,495,5519,509,9493
2018,Polaris Industries,496,5504.8,172.5,3089.6
2018,Pioneer Natural Resources,497,5455,833,17003
2018,ABM Industries,498,5453.6,3.8,3812.6
2018,Vistra Energy,499,5430,-254,14600
2018,Cintas,500,5428.9,480.7,6844.1
